# Generated from FirepadCN/pocket_dict_5000 (MIT), derived from ECDICT (MIT).
# word<TAB>concise Simplified Chinese meaning
a	第一个字母A
abandon	放弃
abandoned	被抛弃的
abandoning	放弃
abandons	放弃
abilities	能力
ability	能力
able	能干的
abnormal	反常的
abnormals	反常的
aboard	在船上
abolish	废止
abolished	废止
abolishes	废止
abolishing	废止
abortion	流产
abortions	流产
about	在...周围
above	在上方
abroad	往国外
abrupt	突然的
absence	缺席
absences	缺席
absent	缺席的
absented	缺席的
absenting	缺席的
absents	缺席的
absolute	绝对的
absolutely	完全地
absolutes	绝对的
absorb	吸收
absorbed	吸收
absorbing	吸收
absorbs	吸收
abstract	抽象的
abstracted	抽象的
abstracting	抽象的
abstracts	抽象的
absurd	荒谬的
absurds	荒谬的
abundant	丰富的
abuse	滥用
abused	滥用
abuses	滥用
abusing	滥用
academic	学院的
academics	学院的
academies	学院
academy	学院
accelerate	加速
accelerated	加速
accelerates	加速
accelerating	加速
accent	重音
accented	重音
accenting	重音
accents	重音
accept	接受
acceptable	可接受的
accepted	接受
accepting	接受
accepts	接受
access	通路
accessed	通路
accesses	通路
accessible	易接近的
accessing	通路
accident	意外事件
accidental	意外的
accidentally	偶然地
accidentals	意外的
accidents	意外事件
accommodation	膳宿
accommodations	膳宿
accompanied	陪伴
accompanies	陪伴
accompany	陪伴
accompanying	陪伴
accomplish	完成
accomplished	完成
accomplishes	完成
accomplishing	完成
according	相符的
account	报告
accountant	会计人员
accountants	会计人员
accounted	报告
accounting	报告
accounts	报告
accumulate	积聚
accumulated	积聚
accumulates	积聚
accumulating	积聚
accuracies	精确
accuracy	精确
accurate	正确的
accurately	正确地
accuse	指责
accused	指责
accuses	指责
accusing	指责
accustomed	惯常的
ache	疼痛
ached	疼痛
aches	疼痛
achieve	完成
achieved	完成
achievement	完成
achievements	完成
achieves	完成
achieving	完成
aching	疼痛
acid	酸
acids	酸
acknowledge	承认
acknowledged	承认
acknowledges	承认
acknowledging	承认
acquaintance	认识
acquaintances	认识
acquire	获得
acquired	获得
acquires	获得
acquiring	获得
acquisition	获得
acquisitions	获得
acre	英亩
acres	英亩
across	越过
act	行动
acted	行动
acting	行动
action	行动
actioned	行动
actioning	行动
actions	行动
active	活跃的
actively	活跃地
actives	活跃的
activist	激进主义分子
activists	激进主义分子
activities	活动
activity	活动
actor	男演员
actors	男演员
actress	女演员
actresses	女演员
acts	行动
actual	真实的
actually	事实上
actuals	真实的
acute	尖锐的
acutes	尖锐的
acutest	尖锐的
ad	广告
adam	亚当
adapt	使适应
adaptation	适应
adaptations	适应
adapted	使适应
adapting	使适应
adapts	使适应
add	增加
added	增加
addicted	沉溺于...的
adding	增加
addition	加法
additional	附加的
additions	加法
address	住址
addressed	住址
addresses	住址
addressing	住址
adds	增加
adequate	适当的
adequately	足够地
adjust	调整
adjusted	调整
adjusting	调整
adjustment	调整
adjustments	调整
adjusts	调整
administration	行政
administrations	行政
administrative	管理的
administrator	管理人
administrators	管理人
admirable	可钦佩的
admiration	赞赏
admirations	赞赏
admire	赞美
admired	赞美
admires	赞美
admiring	赞美
admission	准许进入
admissions	准许进入
admit	承认
admits	承认
admitted	承认
admitting	承认
adolescence	青春期
adolescences	青春期
adolescent	青春期的
adolescents	青春期的
adopt	采用
adopted	采用
adopting	采用
adopts	采用
adore	崇拜
adored	崇拜
adores	崇拜
adoring	崇拜
ads	广告
adult	成人
adults	成人
advance	前进
advanced	在前的
advances	前进
advancing	前进
advantage	优点
advantaged	优点
advantages	优点
advantaging	优点
adventure	冒险
adventured	冒险
adventures	冒险
adventuring	冒险
advertise	做广告
advertised	做广告
advertisement	广告
advertisements	广告
advertises	做广告
advertising	广告业
advice	忠告
advise	劝告
advised	劝告
adviser	顾问
advisers	顾问
advises	劝告
advising	劝告
advocate	提倡者
advocated	提倡者
advocates	提倡者
advocating	提倡者
aeroplane	飞机
aeroplanes	飞机
affair	事件
affairs	事件
affect	影响
affected	影响
affecting	影响
affection	影响
affections	影响
affects	影响
afford	买得起
afforded	买得起
affording	买得起
affords	买得起
afraid	害怕的
africa	非洲
african	非洲人
africans	非洲人
after	在...之后
afternoon	午后
afternoons	午后
afterward	然后
afterwards	然后
again	再一次
against	反对
age	年龄
aged	老的
ageing	年龄
agencies	代理机构
agency	代理机构
agenda	pl.议程
agendas	pl.议程
agent	代理商
agents	代理商
ages	年龄
aggression	侵犯
aggressions	侵犯
aggressive	侵略的
ago	以前
agree	同意
agreed	同意
agreeing	同意
agreement	同意
agreements	同意
agrees	同意
agricultural	农业的
agriculture	农业
ah	啊
ahead	领先的
ahs	啊
ai	附加信息
aid	帮助
aided	帮助
aiding	帮助
aids	爱滋病
aim	目标
aimed	目标
aiming	目标
aims	目标
air	空气
aircraft	航空器
aired	空气
airing	空气
airline	航线
airlines	航线
airmail	航空邮件
airmailed	航空邮件
airmailing	航空邮件
airmails	航空邮件
airplane	飞机
airplanes	飞机
airport	飞机场
airports	飞机场
airs	空气
airspace	空域
airspaces	空域
ais	附加信息
alan	艾伦
alarm	惊恐
alarmed	受惊的
alarming	使人惊恐的
alarms	惊恐
album	粘贴簿
albums	粘贴簿
alcohol	酒精
alcoholic	酒鬼
alcoholics	酒鬼
alcohols	酒精
algebra	代数学
algebras	代数学
alike	相似的
alive	活着的
all	所有的
allergic	对...过敏的
alley	小路
alleys	小路
alliance	联盟
alliances	联盟
allied	联盟的
allies	同盟者
allocate	分派
allocated	分派
allocates	分派
allocating	分派
allow	允许
allowance	津贴
allowanced	津贴
allowances	津贴
allowancing	津贴
allowed	允许
allowing	允许
allows	允许
ally	同盟者
allying	同盟者
almost	几乎
alone	孤独的
along	平行地
alongside	在旁边
aloud	出声地
alphabet	字母
alphabetical	依字母顺序的
alphabetically	按字母顺序地
alphabets	字母
already	已经
alright	没问题的
also	也
alter	改变
altered	改变
altering	改变
alternative	两者择一
alternatively	非此即彼
alternatives	两者择一
alters	改变
although	虽然
altitude	高度
altitudes	高度
altogether	完全地
aluminium	铝
always	总是
am	be的单数第一人称
amateur	业余爱好者
amateurs	业余爱好者
amaze	使吃惊
amazed	吃惊的
amazes	使吃惊
amazing	令人惊异的
ambassador	大使
ambassadors	大使
ambiguous	不明确的
ambition	野心
ambitions	野心
ambulance	救护车
ambulances	救护车
amer	be的单数第一人称
america	美洲
american	美国人
americans	美国人
among	在...之中
amongst	在...当中
amount	总数
amounted	总数
amounting	总数
amounts	总数
ample	大量的
ampler	大量的
ams	be的单数第一人称
amuse	消遣
amused	愉快的
amusement	兴味
amusements	兴味
amuses	消遣
amusing	有趣的
an	一
analyse	分析
analysed	分析
analyses	分析
analysing	分析
analysis	分析
analyst	分析者
analysts	分析者
analyze	分析
analyzed	分析
analyzes	分析
analyzing	分析
ancestor	祖先
ancestors	祖先
ancient	古代的
ancients	古代的
and	和
andrew	安德鲁
anecdote	轶事
anecdotes	轶事
anger	忿怒
angered	忿怒
angering	忿怒
angers	忿怒
angle	角
angled	角
angles	角
angling	角
angrier	生气的
angrily	愤怒地
angry	生气的
animal	动物
animals	动物
ankle	踝
ankles	踝
anne	安妮
anniversaries	周年纪念
anniversary	周年纪念
announce	宣布
announced	宣布
announcement	公告
announcements	公告
announces	宣布
announcing	宣布
annoy	使恼怒
annoyed	恼怒的
annoying	恼人的
annoys	使恼怒
annual	年刊
annually	一年一次
annuals	年刊
another	另外的
answer	答案
answered	答案
answering	答案
answers	答案
ant	蚂蚁
antarctic	南极的
antarctica	南极洲
anted	蚂蚁
anticipate	预期
anticipated	预期
anticipates	预期
anticipating	预期
anting	蚂蚁
antique	古董
antiqued	古董
antiques	古董
antiquing	古董
ants	蚂蚁
anxieties	焦虑
anxiety	焦虑
anxious	忧虑的
anxiously	忧虑地
any	任何的
anybody	任何人
anyhow	无论如何
anymore	再也不
anyone	任何人
anything	任何事
anyway	无论如何
anyways	无论如何
anywhere	无论何处
apart	成零碎
apartment	房间
apartments	房间
apologies	道歉
apologize	道歉
apologized	道歉
apologizes	道歉
apologizing	道歉
apology	道歉
apparent	清晰可见的
apparently	表面上
appeal	恳求
appealed	恳求
appealing	恳求
appeals	恳求
appear	出现
appearance	出现
appearances	出现
appeared	出现
appearing	出现
appears	出现
appendices	附录
appendix	附录
appendixes	附录
appetite	食欲
appetites	食欲
applaud	拍手喝彩
applauded	拍手喝彩
applauding	拍手喝彩
applauds	拍手喝彩
apple	苹果
apples	苹果
applicant	申请者
applicants	申请者
application	应用
applications	应用
applied	涂
applies	涂
apply	涂
applying	涂
appoint	任命
appointed	任命
appointing	任命
appointment	约会
appointments	约会
appoints	任命
appreciate	赏识
appreciated	赏识
appreciates	赏识
appreciating	赏识
appreciation	感激
appreciations	感激
approach	接近
approached	接近
approaches	接近
approaching	接近
appropriate	适当的
appropriated	适当的
appropriates	适当的
appropriating	适当的
approval	赞成
approvals	赞成
approve	赞同
approved	赞同
approves	赞同
approving	赞成的
approximate	大约的
approximated	大约的
approximately	大约
approximates	大约的
approximating	大约的
april	四月
apron	围裙
aprons	围裙
arab	阿拉伯人
arabic	阿拉伯语
arabs	阿拉伯人
arbitrary	任意的
arch	拱门
arched	拱门
arches	拱门
arching	拱门
architect	建筑师
architects	建筑师
architecture	建筑学
architectures	建筑学
arctic	北极的
arctics	北极的
are	be的现在时复数或第二人称单数
area	区域
areas	区域
ares	be的现在时复数或第二人称单数
argue	提出理由
argued	提出理由
argues	提出理由
arguing	提出理由
argument	争论
arguments	争论
arise	站立
arisen	站立
arises	站立
arising	站立
arithmetic	算术
arithmetics	算术
arm	手臂
armchair	扶手椅
armchairs	扶手椅
armed	有扶手的
armies	军队
arming	手臂
arms	武器
army	军队
arose	站立
around	包围
arrange	安排
arranged	安排
arrangement	排列
arrangements	排列
arranges	安排
arranging	安排
arrest	逮捕
arrested	逮捕
arresting	逮捕
arrests	逮捕
arrival	到达
arrivals	到达
arrive	到达
arrived	到达
arrives	到达
arriving	到达
arrow	箭
arrowed	箭
arrowing	箭
arrows	箭
art	艺术
article	文章
articled	文章
articles	文章
articling	文章
artificial	人造的
artificially	人工地
artificials	人造的
artist	艺术家
artistic	艺术的
artists	艺术家
arts	艺术
as	同样地
ash	灰
ashamed	惭愧的
ashes	灰
asia	亚洲
asian	亚洲人
asians	亚洲人
aside	小声说的话
asides	小声说的话
ask	问
asked	问
asking	问
asks	问
asleep	睡着的
aspect	外观
aspects	外观
assemblies	与会者
assembly	与会者
assess	估定
assessed	估定
assesses	估定
assessing	估定
assessment	评估
assessments	评估
asset	资产
assets	资产
assign	分配
assigned	分配
assigning	分配
assigns	分配
assist	帮助
assistance	协助
assistant	助手
assistants	助手
assisted	帮助
assisting	帮助
assists	帮助
associate	同伴
associated	同伴
associates	同伴
associating	同伴
association	协会
associations	协会
assume	假定
assumed	假定
assumes	假定
assuming	假定
assumption	假定
assumptions	假定
assure	保证
assured	保证
assures	保证
assuring	保证
astonish	使惊讶
astonished	使惊讶
astonishes	使惊讶
astonishing	使惊讶
astronaut	太空旅行者
astronauts	太空旅行者
astronomer	天文学家
astronomers	天文学家
astronomy	天文学
at	在
ate	吃
athlete	运动员
athletes	运动员
athletic	运动的
athletics	体育运动
atlantic	大西洋
atmosphere	大气
atmospheres	大气
atom	原子
atoms	原子
attach	附上
attached	附加的
attaches	附上
attaching	附上
attack	攻击
attacked	攻击
attacking	攻击
attacks	攻击
attain	达到
attained	达到
attaining	达到
attains	达到
attempt	尝试
attempted	企图的
attempting	尝试
attempts	尝试
attend	参加
attended	参加
attending	参加
attends	参加
attention	注意
attentions	注意
attentively	注意地
attitude	态度
attitudes	态度
attorney	代理人
attorneys	代理人
attract	吸引
attracted	吸引
attracting	吸引
attraction	吸引
attractions	吸引
attractive	吸引人的
attracts	吸引
audience	听众
audiences	听众
august	八月
aunt	阿姨
aunts	阿姨
australia	澳洲
australian	澳大利亚人
australians	澳大利亚人
authentic	可靠的
authentics	可靠的
author	作家
authored	作家
authoring	作家
authorities	权力
authority	权力
authors	作家
automatic	自动手枪
automatically	自动地
automatics	自动手枪
autonomous	自治的
autumn	秋天
available	可利用的
avenue	大街
avenues	大街
average	平均
averaged	平均
averages	平均
averaging	平均
avoid	避免
avoided	避免
avoiding	避免
avoids	避免
awake	醒着的
awakes	醒着的
awaking	醒着的
award	奖品
awarded	奖品
awarding	奖品
awards	奖品
aware	知道的
awareness	意识
awarenesses	意识
away	离去
awesome	引起敬畏的
awful	可怕的
awfully	恶劣地
awkward	笨拙的
awkwardly	笨拙地
awoke	醒着的
awoken	醒着的
aye	赞成票
ayes	赞成票
babied	婴孩
babies	婴孩
baby	婴孩
babying	婴孩
bachelor	单身汉
bachelors	单身汉
back	后面的
backache	背痛
backed	后面的
background	背景
backgrounds	背景
backing	后面的
backs	后面的
backward	向后地
backwards	向后
bacon	熏猪肉
bacons	熏猪肉
bacteria	pl.细菌
bacterium	细菌
bad	坏的
bade	出价
badly	严重地
badminton	羽毛球运动
bag	袋子
baggage	行李
baggages	行李
bagged	袋子
bagging	袋子
bags	袋子
bake	烘焙
baked	烘焙
bakeries	面包店
bakery	面包店
bakes	烘焙
baking	烘焙
balance	平衡
balanced	平衡
balances	平衡
balancing	平衡
balconied	阳台
balconies	阳台
balcony	阳台
ball	球
balled	球
ballet	芭蕾舞
ballets	芭蕾舞
balling	球
balloon	气球
ballooned	气球
ballooning	气球
balloons	气球
ballpoint	圆珠笔
ballpoints	圆珠笔
balls	球
bamboo	竹子
bamboos	竹子
ban	禁令
banana	香蕉
bananas	香蕉
band	带子
bandage	绷带
bandaged	绷带
bandages	绷带
bandaging	绷带
banded	带子
banding	带子
bands	带子
bang	重击
banged	重击
banging	重击
bangs	重击
bank	银行
banked	银行
banking	银行
banks	银行
banned	禁令
banning	禁令
bans	禁令
bar	条
barbecue	烤肉
barbecued	烤肉
barbecues	烤肉
barbecuing	烤肉
barber	理发师
barbered	理发师
barbering	理发师
barbers	理发师
barbershop	理发店
bare	赤裸的
bared	赤裸的
barely	几乎不
barer	赤裸的
bares	赤裸的
barest	赤裸的
bargain	交易
bargained	交易
bargaining	交易
bargains	交易
baring	赤裸的
bark	树皮
barked	树皮
barking	树皮
barks	树皮
barred	条
barrier	障碍
barriers	障碍
barring	条
bars	条
base	底部
baseball	棒球
based	底部
basement	地下室
basements	地下室
baser	底部
bases	底部
basic	基本原理
basically	基本上
basics	基本原理
basin	盆
basing	底部
basins	盆
basis	基础
basket	篮
basketball	篮球
basketballs	篮球
baskets	篮
bat	蝙蝠
bath	沐浴
bathe	沐浴
bathed	沐浴
bathes	沐浴
bathing	沐浴
bathrobe	浴衣
bathrobes	浴衣
bathroom	浴室
bathrooms	浴室
baths	沐浴
bathtub	浴缸
bathtubs	浴缸
bats	蝙蝠
batted	蝙蝠
batteries	电池
battery	电池
batting	蝙蝠
battle	战役
battled	战役
battleground	战场
battlegrounds	战场
battles	战役
battling	战役
bay	海湾
bayed	海湾
baying	海湾
bays	海湾
bbc	英国广播公司
be	是
beach	海滩
beached	海滩
beaches	海滩
beaching	海滩
beak	鸟嘴
beaked	鸟嘴
beaking	鸟嘴
beaks	鸟嘴
beam	横梁
beamed	横梁
beaming	横梁
beams	横梁
bean	豆子
beancurd	豆腐
beans	豆子
bear	熊
beard	胡须
bearded	胡须
bearding	胡须
beards	胡须
bearing	熊
bears	熊
beast	畜生
beasts	畜生
beat	心跳
beaten	心跳
beating	心跳
beats	心跳
beauties	美
beautiful	美丽的
beautifully	美好地
beauty	美
became	变成
because	因为
become	变成
becomes	变成
becoming	变成
bed	床
bedclothes	铺盖
bedded	床
bedding	床
beddings	寝具
bedroom	卧室
bedrooms	卧室
beds	床
bee	蜜蜂
beef	牛肉
beefed	牛肉
beefing	牛肉
beefs	牛肉
beehive	蜂窝
beehives	蜂窝
been	是
beer	啤酒
beers	啤酒
bees	蜜蜂
before	在...之前
beg	乞求
began	开始
begged	乞求
begging	乞求
begin	开始
beginning	开始
beginnings	开始
begins	开始
begs	乞求
begun	开始
behalf	利益
behave	举止端正
behaved	举止端正
behaves	举止端正
behaving	举止端正
behavior	行为
behaviors	行为
behaviour	行为
behaviours	行为
behind	在后地
being	存在
beings	存在
belfast	贝尔法斯特
belgium	比利时
belief	信念
beliefs	信念
believe	相信
believed	相信
believes	相信
believing	相信
bell	铃
belled	铃
bellied	腹部
bellies	腹部
belling	铃
bells	铃
belly	腹部
bellying	腹部
bellys	腹部
belong	属于
belonged	属于
belonging	属于
belongs	属于
below	在下面
belt	带子
belted	带子
belting	带子
belts	带子
ben	内室
bench	长椅子
benched	长椅子
benches	长椅子
benching	长椅子
bend	变弯曲
bending	变弯曲
bends	变弯曲
beneath	在...下方
beneficial	有益的
benefit	利益
benefited	利益
benefiting	利益
benefits	利益
benefitted	利益
benefitting	利益
bent	弯曲的
bents	弯曲的
beside	在旁边
besides	除...之外
best	最好的
bested	最好的
besting	最好的
bests	最好的
bet	打赌
betray	出卖
betrayed	出卖
betraying	出卖
betrays	出卖
bets	打赌
betted	打赌
better	较好的
bettered	较好的
bettering	较好的
betters	较好的
betting	打赌
bettings	打赌
between	在...之间
beyond	超过
bicycle	自行车
bicycled	自行车
bicycles	自行车
bicycling	自行车
bid	出价
bidden	出价
bidding	出价
bids	出价
big	大的
bigger	大的
biggest	大的
bike	自行车
biked	自行车
bikes	自行车
biking	自行车
bill	帐单
billed	帐单
billing	帐单
billion	十亿
bills	帐单
bin	二进制
bind	绑
binding	绑
binds	绑
bingo	宾戈
binned	二进制
binning	二进制
bins	二进制
biochemistries	生物化学
biochemistry	生物化学
biographies	传记
biography	传记
biological	生物学的
biologicals	生物学的
biology	生物学
bird	鸟
birdcage	鸟笼
birdcages	鸟笼
birded	鸟
birding	鸟
birds	鸟
birmingham	伯明翰
birth	出生
birthday	生日
birthdays	生日
birthed	出生
birthing	出生
birthplace	诞生地
birthplaces	诞生地
births	出生
biscuit	饼干
biscuits	饼干
bishop	主教
bishops	主教
bit	少量
bite	咬
bited	咬
bites	咬
biting	咬
bits	少量
bitter	苦的
bittered	苦的
bittering	苦的
bitterly	怨恨地
bitters	苦的
black	黑色
blackboard	黑板
blackboards	黑板
blacked	黑色
blacker	黑色
blackest	黑色
blacking	黑色
blacks	黑色
blade	叶片
bladed	叶片
blades	叶片
blame	过失
blamed	过失
blames	过失
blaming	过失
blank	空格
blanked	空格
blanker	空格
blanket	毛毯
blanketed	毛毯
blanketing	毛毯
blankets	毛毯
blanking	空格
blankly	茫然地
blanks	空格
bled	流血
bleed	流血
bleeding	流血
bleeds	流血
bless	祝福
blessed	祝福
blesses	祝福
blessing	祝福
blew	吹
blind	蒙蔽物
blinded	蒙蔽物
blinder	蒙蔽物
blinding	蒙蔽物
blinds	蒙蔽物
block	街区
blocked	街区
blocking	街区
blocks	街区
blonde	肤色白皙的金发女人
blondes	肤色白皙的金发女人
blood	血
blooded	血
bloodied	血腥的
bloodies	血腥的
bloodiest	血腥的
blooding	血
bloods	血
bloody	血腥的
bloodying	血腥的
blouse	宽松的上衣
bloused	宽松的上衣
blouses	宽松的上衣
blousing	宽松的上衣
blow	吹
blowed	吹
blowing	吹
blown	吹
blows	吹
blue	蓝色
blued	蓝色
blues	蓝色
bluing	蓝色
board	木板
boarded	木板
boarding	木板
boards	木板
boat	船
boated	船
boating	划船
boats	船
bob	剪短
bobbed	剪短
bobbing	剪短
bobs	剪短
bodied	身体
bodies	身体
body	身体
bodying	身体
boil	煮沸
boiled	煮沸
boiling	煮沸
boils	煮沸
bomb	炸弹
bombed	炸弹
bombing	炸弹
bombs	炸弹
bond	捆绑物
bonded	捆绑物
bonding	捆绑物
bonds	捆绑物
bone	骨头
boned	骨头
bones	骨头
boning	骨头
bonus	奖金
bonuses	奖金
book	书
bookcase	书架
bookcases	书架
booked	书
booking	书
bookmark	书签
bookmarks	书签
books	书
bookshelf	书架
bookshop	书店
bookshops	书店
bookstore	书店
bookstores	书店
boom	繁荣
boomed	繁荣
booming	繁荣
booms	繁荣
boot	长靴
booted	长靴
booth	亭
booths	亭
booting	长靴
boots	长靴
border	边缘
bordered	边缘
bordering	边缘
borders	边缘
bore	令人讨厌的人
bored	无聊的
bores	令人讨厌的人
boring	烦人的
borings	烦人的
born	天生的
borne	熊
borning	天生的
borrow	借
borrowed	借
borrowing	借
borrows	借
boss	老板
bossed	老板
bosses	老板
bossing	老板
botanical	植物学的
botanicals	植物学的
botany	植物学
both	两者的
bother	烦扰
bothered	烦扰
bothering	烦扰
bothers	烦扰
bottle	瓶子
bottled	瓶子
bottles	瓶子
bottling	瓶子
bottom	底部
bottomed	底部
bottoming	底部
bottoms	底部
bought	买
bounce	跳
bounced	跳
bounces	跳
bouncing	跳
bound	跃
boundaries	边界
boundary	边界
bounded	跃
bounding	跃
bounds	跃
bow	弓
bowed	弓
bowing	弓
bowl	碗
bowled	碗
bowling	保龄球戏
bowls	碗
bows	弓
box	盒子
boxed	盒子
boxes	盒子
boxing	拳击
boy	男孩
boycott	联合抵制
boycotted	联合抵制
boycotting	联合抵制
boycotts	联合抵制
boyfriend	男朋友
boyfriends	男朋友
boys	男孩
brain	脑
brained	脑
braining	脑
brains	脑
brake	刹车
braked	刹车
brakes	刹车
braking	刹车
branch	树枝
branched	树枝
branches	树枝
branching	树枝
brand	商标
branded	商标
branding	商标
brands	商标
brave	勇敢的
braved	勇敢的
braver	勇敢的
bravery	勇敢
braves	勇敢的
bravest	勇敢的
braving	勇敢的
breach	裂口
breached	裂口
breaches	裂口
breaching	裂口
bread	面包
breaded	面包
breading	面包
breads	面包
break	休息
breakfast	早餐
breakfasted	早餐
breakfasting	早餐
breakfasts	早餐
breaking	休息
breaks	休息
breakthrough	突破
breakthroughs	突破
breast	胸部
breasted	胸部
breasting	胸部
breasts	胸部
breath	呼吸
breathe	呼吸
breathed	呼吸
breathes	呼吸
breathing	呼吸
breathings	呼吸
breathless	喘不过气来的
breaths	呼吸
bred	种类
breed	种类
breeding	种类
breeds	种类
brethren	兄弟
breweries	啤酒厂
brewery	啤酒厂
brian	布莱恩
brick	砖块
bricked	砖块
bricking	砖块
bricks	砖块
bride	新娘
bridegroom	新郎
bridegrooms	新郎
brides	新娘
bridge	桥
bridged	桥
bridges	桥
bridging	桥
brief	摘要
briefed	摘要
briefer	摘要
briefest	摘要
briefing	摘要
briefly	简短地
briefs	摘要
bright	明亮的
brighter	明亮的
brightest	明亮的
brightly	生辉地
brilliant	光辉的
brilliants	光辉的
bring	带来
bringing	带来
brings	带来
britain	英国
british	英国的
broad	宽广的
broadcast	广播
broadcasted	广播
broadcasting	广播
broadcasts	广播
broader	宽广的
broadest	宽广的
broadly	宽广地
broads	宽广的
brochure	小册子
brochures	小册子
broke	休息
broken	坏掉的
broom	扫帚
brooms	扫帚
brother	兄弟
brotherhood	手足情谊
brotherhoods	手足情谊
brothers	兄弟
brought	带来
brown	褐色
browned	褐色
browner	褐色
browning	褐色
browns	褐色
brunch	早午餐
brunches	早午餐
brush	刷子
brushed	刷子
brushes	刷子
brushing	刷子
bubble	泡沫
bubbled	泡沫
bubbles	泡沫
bubbling	泡沫
buck	元
bucked	元
bucket	桶
bucketed	桶
bucketing	桶
buckets	桶
bucking	元
bucks	元
buddhism	佛教
buddhist	佛教徒
buddhists	佛教徒
budget	预算
budgeted	预算
budgeting	预算
budgets	预算
buffet	自助餐
buffeted	自助餐
buffeting	自助餐
buffets	自助餐
buffetted	自助餐
build	建立
building	建筑物
buildings	建筑物
builds	建立
built	建立
bullet	子弹
bullets	子弹
bun	小面包
bunch	串
bunched	串
bunches	串
bunching	串
bungalow	平房
bungalows	平房
bunned	小面包
bunning	小面包
buns	小面包
burden	负担
burdened	负担
burdening	负担
burdens	负担
bureaucratic	官僚的
burglar	窃贼
burglars	窃贼
burial	埋葬
burials	埋葬
buried	埋葬
buries	埋葬
burn	烧
burned	烧
burning	烧
burns	烧
burnt	burn的过去式和过去分词
burst	破裂
bursting	破裂
bursts	破裂
bury	埋葬
burying	埋葬
bus	公共汽车
buses	公共汽车
bush	矮树丛
bushed	矮树丛
bushes	矮树丛
bushing	矮树丛
busied	忙碌的
busier	忙碌的
busies	忙碌的
busiest	忙碌的
business	生意
businesses	生意
businessman	商人
businessmen	商人
businesswoman	商人
businesswomen	商人
bussed	公共汽车
busses	公共汽车
bussing	公共汽车
busy	忙碌的
busying	忙碌的
but	除了
butcher	屠夫
butchered	屠夫
butchering	屠夫
butchers	屠夫
butter	奶油
buttered	奶油
butterflied	蝴蝶
butterflies	蝴蝶
butterfly	蝴蝶
butterflying	蝴蝶
buttering	奶油
butters	奶油
button	钮扣
buttoned	钮扣
buttoning	钮扣
buttons	钮扣
buy	买
buyer	买主
buyers	买主
buying	买
buys	买
by	被
bye	再会
byes	再会
c	调用
cab	出租车
cabbage	卷心菜
cabbaged	卷心菜
cabbages	卷心菜
cabbaging	卷心菜
cabbed	出租车
cabbing	出租车
cabinet	橱柜
cabinets	橱柜
cable	电缆
cabled	电缆
cables	电缆
cabling	电缆
cabs	出租车
cafeteria	自助餐厅
cafeterias	自助餐厅
cage	笼
caged	笼
cages	笼
caging	笼
cake	蛋糕
caked	蛋糕
cakes	蛋糕
caking	蛋糕
calculate	计算
calculated	计算
calculates	计算
calculating	计算
calculation	计算
calculations	计算
call	呼叫
called	呼叫
calling	呼叫
calls	呼叫
calm	平稳
calmed	平稳
calmer	平稳
calming	平稳
calmly	平静地
calms	平稳
cambridge	剑桥
came	过来
camel	骆驼
camels	骆驼
camera	照相机
cameras	照相机
camp	露营
campaign	战役
campaigned	战役
campaigning	战役
campaigns	战役
camped	露营
camper	露营
camping	野营
camps	露营
campus	校园
can	装罐
canada	加拿大
canadian	加拿大的
canadians	加拿大的
canal	运河
canalled	运河
canalling	运河
canals	运河
cance	坎斯
cancel	取消
cancelled	取消
cancelling	取消
cancels	取消
cancer	癌
cancers	癌
candidate	候选人
candidates	候选人
candied	糖果
candies	糖果
candle	蜡烛
candled	蜡烛
candles	蜡烛
candling	蜡烛
candy	糖果
candying	糖果
cannot	无法
cans	装罐
canteen	水壶
canteens	水壶
cap	盖子
capable	有能力的
capacities	容量
capacity	容量
capital	首都
capitals	首都
capped	盖子
capping	盖子
caps	盖子
capsule	胶囊
capsuled	胶囊
capsules	胶囊
capsuling	胶囊
captain	船长
captained	船长
captaining	船长
captains	船长
caption	说明
captioned	说明
captioning	说明
captions	说明
capture	抓取
captured	抓取
captures	抓取
capturing	抓取
car	汽车
carbon	碳
carbons	碳
card	卡片
cardboard	薄纸板
cardboards	薄纸板
carded	卡片
carding	卡片
cards	卡片
care	小心
cared	小心
career	事业
careered	事业
careering	事业
careers	事业
careful	小心的
carefully	小心地
careless	粗心的
carelessly	不注意地
cares	小心
caring	小心
carpenter	木匠
carpentered	木匠
carpentering	木匠
carpenters	木匠
carpet	地毯
carpeted	地毯
carpeting	地毯
carpets	地毯
carriage	马车
carriages	马车
carried	进位
carrier	运送者
carriers	运送者
carries	进位
carrot	胡萝卜
carrots	胡萝卜
carry	进位
carrying	进位
cars	汽车
cartoon	卡通画
cartooned	卡通画
cartooning	卡通画
cartoons	卡通画
carve	雕刻
carved	雕刻
carven	雕刻
carves	雕刻
carving	雕刻
case	情形
cased	情形
cases	情形
cash	现金
cashed	现金
cashes	现金
cashing	现金
casing	情形
cast	演员阵容
casting	演员阵容
castle	城堡
castled	城堡
castles	城堡
castling	城堡
casts	演员阵容
casual	偶然的
casuals	偶然的
cat	猫
catalogue	目录
catalogued	目录
catalogues	目录
cataloguing	目录
catastrophe	大灾难
catastrophes	大灾难
catch	捕捉
catches	捕捉
catching	捕捉
categories	种类
category	种类
cater	提供饮食及服务
catered	提供饮食及服务
catering	提供饮食及服务
caters	提供饮食及服务
cathedral	大教堂
cathedrals	大教堂
catholic	天主教徒
catholics	天主教徒
cats	猫
catted	猫
catting	猫
cattle	牛
caught	捕捉
cause	原因
caused	原因
causes	原因
causing	原因
caution	小心
cautioned	小心
cautioning	小心
cautions	小心
cautious	谨慎的
cave	洞
caved	洞
caves	洞
caving	洞
cd	镭射碟
cd-rom	光盘驱动器
cd-roms	光盘驱动器
cds	镭射碟
cease	停止
ceased	停止
ceases	停止
ceasing	停止
ceiling	天花板
ceilings	天花板
celebrate	庆祝
celebrated	庆祝
celebrates	庆祝
celebrating	庆祝
celebration	庆祝
celebrations	庆祝
cell	单元
cellar	地窖
cellars	地窖
cellphone	蜂窝式便携无线电话
cellphones	蜂窝式便携无线电话
cells	单元
cent	分
center	中心
centered	中心
centering	中心
centers	中心
centigrade	百分度的
centimetre	厘米
centimetres	厘米
central	中央的
centre	中心
centred	中心
centres	中心
centring	中心
cents	分
centuries	世纪
century	世纪
ceo	abbr.首席执行官
ceos	abbr.首席执行官
ceremonies	典礼
ceremony	典礼
certain	确定的
certainly	确定地
certificate	证书
certificated	证书
certificates	证书
certificating	证书
chain	链
chained	链
chaining	链
chains	链
chair	椅子
chaired	椅子
chairing	椅子
chairman	主席
chairmanned	主席
chairmanning	主席
chairmans	主席
chairmen	主席
chairs	椅子
chairwoman	女主席
chairwomen	女主席
chalk	粉笔
chalked	粉笔
chalking	粉笔
chalks	粉笔
challenge	挑战
challenged	挑战
challenges	挑战
challenging	挑战的
chamber	室
chambered	室
chambering	室
chambers	室
champion	冠军
championed	冠军
championing	冠军
champions	冠军
championship	冠军身份
championships	冠军身份
chance	机会
chanced	机会
chancellor	大臣
chancellors	大臣
chances	机会
chancing	机会
change	变化
changeable	可改变的
changed	变化
changes	变化
changing	变化
channel	海峡
channelled	海峡
channelling	海峡
channels	海峡
chant	圣歌
chanted	圣歌
chanting	圣歌
chants	圣歌
chaos	大混乱
chapter	章
chapters	章
character	个性
charactered	个性
charactering	个性
characteristic	特性
characteristics	特性
characters	个性
charge	指控
charged	指控
charges	指控
charging	指控
charities	慈悲
charity	慈悲
charles	查尔斯
chart	图表
charted	图表
charting	图表
charts	图表
chase	追求
chased	追求
chases	追求
chasing	追求
chat	闲谈
chats	闲谈
chatted	闲谈
chatting	闲谈
cheap	便宜的
cheaper	便宜的
cheapest	便宜的
cheaply	便宜地
cheat	欺骗
cheated	欺骗
cheating	欺骗
cheats	欺骗
check	检查
checked	检查
checking	检查
checks	检查
cheek	颊
cheeked	颊
cheeking	颊
cheeks	颊
cheer	愉快
cheered	愉快
cheerful	快活的
cheerfully	高高兴兴地
cheering	愉快
cheers	干杯
cheese	乳酪
cheesed	乳酪
cheeses	乳酪
cheesing	乳酪
chef	厨师
chefs	厨师
chemical	化学药品
chemicals	化学药品
chemist	化学家
chemistry	化学
chemists	化学家
cheque	支票
cheques	支票
chess	国际象棋
chest	胸
chested	胸
chests	胸
chew	咀嚼
chewed	咀嚼
chewing	咀嚼
chews	咀嚼
chick	小鸡
chicken	小鸡
chickened	小鸡
chickening	小鸡
chickens	小鸡
chicks	小鸡
chief	领袖
chiefs	领袖
child	孩子
childhood	孩童时期
childhoods	孩童时期
children	孩子
chimney	烟囱
chimneys	烟囱
chin	下巴
china	中国
chinese	中文
chinned	下巴
chinning	下巴
chins	下巴
chip	屑片
chipped	屑片
chipping	屑片
chips	炸土豆条
chocolate	巧克力
chocolates	巧克力
choice	选择
choices	选择
choir	唱诗班
choirs	唱诗班
choke	窒息
choked	窒息
chokes	窒息
choking	窒息
choose	选择
chooses	选择
choosing	选择
chop	肋条肉
chopped	肋条肉
chopping	肋条肉
chops	肋条肉
chopsticks	筷子
chorus	合唱队
chorused	合唱队
choruses	合唱队
chorusing	合唱队
chose	选择
chosen	选择
chris	克里斯
christ	基督
christian	基督徒
christians	基督徒
christmas	圣诞节
christmases	圣诞节
church	教堂
churched	教堂
churches	教堂
churching	教堂
cigar	雪茄
cigarette	香烟
cigarettes	香烟
cigars	雪茄
cinema	电影院
cinemas	电影院
circle	圆周
circled	圆周
circles	圆周
circling	圆周
circuit	电路
circuited	电路
circuiting	电路
circuits	电路
circumstance	环境
circumstances	环境
circus	马戏团
circuses	马戏团
cite	引用
cited	引用
cites	引用
cities	城市
citing	引用
citizen	市民
citizens	市民
city	城市
civil	市民的
civilian	平民
civilians	平民
civilization	文明
civilizations	文明
claim	要求
claimed	要求
claiming	要求
claims	要求
clap	拍手
clapped	拍手
clapping	拍手
claps	拍手
clarified	澄清
clarifies	澄清
clarify	澄清
clarifying	澄清
class	班级
classed	班级
classes	班级
classic	古典作品
classical	古典的
classicals	古典的
classics	古典作品
classified	分类
classifies	分类
classify	分类
classifying	分类
classing	班级
classmate	同班同学
classmates	同班同学
classroom	教室
classrooms	教室
clause	子句
clauses	子句
claw	爪
clawed	爪
clawing	爪
claws	爪
clay	泥土
clays	泥土
clean	干净的
cleaned	干净的
cleaner	清洁工人
cleaners	清洁工人
cleanest	干净的
cleaning	干净的
cleans	干净的
clear	清楚的
cleared	清楚的
clearer	清楚的
clearest	清楚的
clearing	清楚的
clearly	清楚地
clears	清楚的
clerk	办事员
clerked	办事员
clerking	办事员
clerks	办事员
clever	聪明的
cleverer	聪明的
cleverest	聪明的
click	咔哒声
clicked	咔哒声
clicking	咔哒声
clicks	咔哒声
client	客户
clients	客户
climate	气候
climates	气候
climb	攀登
climbed	攀登
climbing	攀缘而登的
climbs	攀登
clinic	诊所
clinical	临床的
clinics	诊所
clock	时钟
clocked	时钟
clocking	时钟
clocks	时钟
clone	无性系
cloned	无性系
clones	无性系
cloning	无性系
close	结束
closed	关闭的
closely	接近地
closer	结束
closes	结束
closest	结束
closet	壁橱
closeted	壁橱
closeting	壁橱
closets	壁橱
closetting	壁橱
closing	结束
cloth	布料
clothes	衣服
clothing	衣服
cloths	布料
cloud	云
clouded	云
cloudier	多云的
clouding	云
clouds	云
cloudy	多云的
club	俱乐部
clubbed	俱乐部
clubbing	俱乐部
clubs	俱乐部
clumsier	笨拙的
clumsiest	笨拙的
clumsy	笨拙的
cm	厘米
cms	厘米
co	钴
coach	四轮大马车
coached	四轮大马车
coaches	四轮大马车
coaching	四轮大马车
coachs	四轮大马车
coal	煤
coaled	煤
coaling	煤
coalition	结合体
coalitions	结合体
coals	煤
coast	海岸
coasted	海岸
coasting	海岸
coasts	海岸
coat	外套
coated	外套
coating	外套
coats	外套
cock	公鸡
cocked	公鸡
cocking	公鸡
cocks	公鸡
cocoa	可可粉
cocoas	可可粉
code	代码
coded	代码
codes	代码
coding	代码
coffee	咖啡
coffees	咖啡
coin	硬币
coincidence	巧合
coincidences	巧合
coined	硬币
coining	硬币
coins	硬币
coke	可口可乐
coked	可口可乐
cokes	可口可乐
coking	可口可乐
cold	感冒
colder	感冒
coldest	感冒
coldly	冷淡地
colds	感冒
collapse	崩溃
collapsed	崩溃
collapses	崩溃
collapsing	崩溃
collar	衣领
collared	衣领
collaring	衣领
collars	衣领
colleague	同事
colleagues	同事
collect	收集
collected	收集
collecting	收集
collection	收集
collections	收集
collects	收集
college	学院
colleges	学院
collision	碰撞
collisions	碰撞
color	颜色
colored	颜色
coloring	颜色
colors	颜色
colour	颜色
coloured	有色的
coloureds	有色的
colouring	颜色
colours	颜色
column	专栏
columns	专栏
comb	头梳
combed	头梳
combination	组合
combinations	组合
combing	头梳
combs	头梳
come	过来
comedies	喜剧
comedy	喜剧
comes	过来
comfort	舒适
comfortable	舒服的
comfortably	安乐地
comforted	舒适
comforting	舒适
comforts	舒适
coming	过来
comma	逗点
command	命令
commanded	命令
commander	司令官
commanders	司令官
commanding	命令
commands	命令
commas	逗点
comment	注解
commented	注解
commenting	注解
comments	注解
commercial	商业的
commercials	商业的
commission	委任状
commissioned	委任状
commissioning	委任状
commissions	委任状
commit	委托
commitment	委托
commitments	委托
commits	委托
committed	委托
committee	委员会
committees	委员会
committing	委托
common	通常的
commonly	一般
commons	平民
communicate	显露
communicated	显露
communicates	显露
communicating	显露
communication	交流
communications	交流
communism	共产主义
communist	共产主义者
communists	共产主义者
communities	社区
community	社区
companied	公司
companies	公司
companion	朋友
companioned	朋友
companioning	朋友
companions	朋友
company	公司
companying	公司
compare	比较
compared	比较
compares	比较
comparing	比较
comparison	比较
comparisons	比较
compass	指南针
compassed	指南针
compasses	指南针
compassing	指南针
compensate	偿还
compensated	偿还
compensates	偿还
compensating	偿还
compensation	补偿
compensations	补偿
compete	竞争
competed	竞争
competence	胜任
competences	胜任
competes	竞争
competing	竞争
competition	竞争
competitions	竞争
competitive	竞争的
competitor	竞争者
competitors	竞争者
complain	抱怨
complained	抱怨
complaining	抱怨
complains	抱怨
complaint	诉苦
complaints	诉苦
complete	完全的
completed	完全的
completely	完全地
completes	完全的
completing	完全的
complex	综合体
complexed	综合体
complexes	综合体
complicate	弄复杂
complicated	复杂的
complicates	弄复杂
complicating	弄复杂
component	元件
components	元件
composition	作文
compositions	作文
comprehension	理解
comprehensive	广泛的
comprehensives	广泛的
comprise	包含
comprised	包含
comprises	包含
comprising	包含
compromise	妥协
compromised	妥协
compromises	妥协
compromising	妥协
compulsory	被强制的
computer	电脑
computers	电脑
comrade	同志
comrades	同志
concentrate	浓缩
concentrated	浓缩
concentrates	浓缩
concentrating	浓缩
concentration	集中
concentrations	集中
concept	观念
concepts	观念
concern	关心
concerned	关心的
concerning	关于
concerns	关心
concert	音乐会
concerting	音乐会
concerts	音乐会
conclude	结束
concluded	结束
concludes	结束
concluding	结束
conclusion	结论
conclusions	结论
concrete	凝结物
concreted	凝结物
concretes	凝结物
concreting	凝结物
condemn	判刑
condemned	判刑
condemning	判刑
condemns	判刑
condition	情况
conditioned	情况
conditioning	情况
conditions	情况
conduct	行为
conducted	行为
conducting	行为
conductor	领导者
conductors	领导者
conducts	行为
conference	会议
conferences	会议
confidence	信心
confidences	信心
confident	有信心的
confidential	机密的
confidently	自信地
confine	限制
confined	被限制的
confines	限制
confining	限制
confirm	证实
confirmed	证实
confirming	证实
confirms	证实
conflict	战斗
conflicted	战斗
conflicting	战斗
conflicts	战斗
confront	使面对
confronted	使面对
confronting	使面对
confronts	使面对
confuse	使混乱
confused	困惑的
confuses	使混乱
confusing	令人困惑的
confusion	混乱
confusions	混乱
congratulate	祝贺
congratulated	祝贺
congratulates	祝贺
congratulating	祝贺
congratulation	祝贺
congratulations	祝贺词
congress	国会
congresses	国会
congressional	会议的
connect	连接
connected	连接
connecting	连接
connection	连接
connections	连接
connects	连接
conscience	良心
consciences	良心
conscious	有意识的
consensus	合意
consent	同意
consented	同意
consenting	同意
consents	同意
consequence	结果
consequences	结果
conservation	保护
conservative	保守的
conservatives	保守的
consider	考虑
considerable	相当的
considerably	非常地
considerate	体贴的
consideration	考虑
considerations	考虑
considered	考虑
considering	考虑
considers	考虑
consist	组成
consisted	组成
consistent	一致的
consisting	组成
consists	组成
constant	常数
constantly	不变地
constants	常数
constitute	构成
constituted	构成
constitutes	构成
constituting	构成
constitution	构成
constitutions	构成
construct	构造
constructed	构造
constructing	构造
construction	建筑
constructions	建筑
constructs	构造
consult	商讨
consultant	顾问
consultants	顾问
consulted	商讨
consulting	商讨
consults	商讨
consume	消耗
consumed	消耗
consumer	消费者
consumers	消费者
consumes	消耗
consuming	消耗
consumption	消费
contact	联系
contacted	联系
contacting	联系
contacts	联系
contain	包含
contained	包含
container	容器
containers	容器
containing	包含
contains	包含
contemporaries	同时代的人
contemporary	同时代的人
content	内容
contented	内容
contenting	内容
contents	内容
contest	竞赛
contested	竞赛
contesting	竞赛
contests	竞赛
context	上下文
contexts	上下文
continent	大陆
continents	大陆
continue	继续
continued	继续
continues	继续
continuing	继续的
continuous	连续的
continuously	不断地
contract	合约
contracted	合约
contracting	合约
contracts	合约
contradict	反驳
contradicted	反驳
contradicting	反驳
contradictories	反驳的
contradictory	反驳的
contradicts	反驳
contraries	相反的
contrary	相反的
contrast	差别
contrasted	差别
contrasting	对比
contrasts	差别
contribute	有助于
contributed	有助于
contributes	有助于
contributing	有助于
contribution	捐助
contributions	捐助
control	控制
controlled	受约束的
controlling	控制
controls	控制
controversial	争论的
convenience	方便
conveniences	方便
convenient	方便的
convention	大会
conventional	传统的
conventions	大会
conversation	会话
conversations	会话
convert	皈依者
converted	皈依者
converting	皈依者
converts	皈依者
convey	传达
conveyed	传达
conveying	传达
conveys	传达
convince	说服
convinced	说服
convinces	说服
convincing	说服
cook	厨子
cooked	厨子
cooker	炊事用具
cookers	炊事用具
cookie	饼干
cooking	烹饪
cooks	厨子
cool	凉爽
cooled	凉爽
cooler	凉爽
coolest	凉爽
cooling	凉爽
cools	凉爽
cop	警官
cope	竞争
coped	竞争
copes	竞争
copied	副本
copies	副本
coping	竞争
copped	警官
copping	警官
cops	警官
copy	副本
copying	副本
coral	珊瑚
corals	珊瑚
cordless	无绳索的
core	核心
cored	核心
cores	核心
coring	核心
corn	玉蜀黍
corned	玉蜀黍
corner	角落
cornered	角落
cornering	角落
corners	角落
corning	玉蜀黍
corns	玉蜀黍
corp	公司
corporate	社团的
corporates	社团的
corporation	公司
corporations	公司
correct	正确的
corrected	正确的
correcting	正确的
correction	订正
corrections	订正
correctly	对
corrects	正确的
correspond	符合
corresponded	符合
corresponding	符合
corresponds	符合
corrupt	腐败的
corrupted	腐败的
corrupter	腐败的
corrupting	腐败的
corrupts	腐败的
cos	余弦
cosied	温暖舒适的
cosier	温暖舒适的
cosies	温暖舒适的
cosiest	温暖舒适的
cost	代价
costed	代价
costing	代价
costs	代价
cosy	温暖舒适的
cosying	温暖舒适的
cottage	小屋
cottages	小屋
cotton	棉花
cottoned	棉花
cottoning	棉花
cottons	棉花
cough	咳嗽
coughed	咳嗽
coughing	咳嗽
coughings	咳嗽
coughs	咳嗽
could	可以
council	会议
councillor	地方议会成员
councillors	地方议会成员
councils	会议
count	计算
counted	计算
counter	计算器
countered	计算器
countering	计算器
counters	计算器
counties	县
counting	计算
countries	国家
country	国家
countryside	乡下地方
counts	计算
county	县
couple	对
coupled	对
couples	对
coupling	对
courage	勇气
course	课程
coursed	课程
courses	课程
coursing	课程
court	法院
courted	法院
courting	法院
courts	法院
courtyard	庭院
courtyards	庭院
cousin	堂兄弟姊妹
cousins	堂兄弟姊妹
cover	盖子
coverage	覆盖的范围
coverages	覆盖的范围
covered	隐蔽着的
covering	覆盖物
coverings	覆盖物
covers	盖子
cow	母牛
cowboy	牛仔
cowboys	牛仔
cowed	母牛
cowing	母牛
cows	母牛
crack	裂缝
cracked	破碎的
cracking	裂缝
cracks	裂缝
craft	技艺
crafted	技艺
crafting	技艺
crafts	技艺
crash	哗啦声
crashed	哗啦声
crashes	哗啦声
crashing	哗啦声
crayon	蜡笔
crayoned	蜡笔
crayoning	蜡笔
crayons	蜡笔
crazier	发狂的
crazies	发狂的
craziest	发狂的
crazy	发狂的
cream	乳酪
creamed	乳酪
creaming	乳酪
creams	乳酪
create	创造
created	创造
creates	创造
creating	创造
creation	创造
creations	创造
creative	有创造力的
creatives	有创造力的
creature	人
creatures	人
credit	信用
credited	信用
crediting	信用
credits	信用
crew	全体人员
crewed	全体人员
crewing	全体人员
crews	全体人员
cricket	蟋蟀
crickets	蟋蟀
cried	叫声
cries	叫声
crime	犯罪
crimes	犯罪
criminal	罪犯
criminals	罪犯
crises	危机
crisis	危机
crisp	脆的
crisped	脆的
crisper	脆的
crispest	脆的
crisping	脆的
crisps	脆的
criteria	pl.标准
criterias	pl.标准
criterion	标准
critic	批评家
critical	批评的
criticism	批评
criticisms	批评
criticize	批评
criticized	批评
criticizes	批评
criticizing	批评
critics	批评家
crop	农作物
cropped	农作物
cropping	农作物
crops	农作物
cross	十字架
crossed	十字架
crosses	十字架
crossing	横越
crossings	横越
crossroads	十字路口
crowd	群众
crowded	拥挤的
crowding	群众
crowds	群众
crown	王冠
crowned	王冠
crowning	王冠
crowns	王冠
crucial	决定性的
cruel	残酷的
cruelest	残酷的
crueller	残酷的
cruellest	残酷的
crush	压碎
crushed	压碎
crushes	压碎
crushing	压碎
cry	叫声
crying	叫声
ct	计算机断层扫描
cts	计算机断层扫描
cube	立方体
cubed	立方体
cubes	立方体
cubic	立方体的
cubing	立方体
cuisine	烹调风格
cuisines	烹调风格
cultural	文化的
culture	文化
cultured	文化
cultures	文化
culturing	文化
cup	杯子
cupboard	食橱
cupboards	食橱
cupped	杯子
cupping	杯子
cups	杯子
curb	抑制
curbed	抑制
curbing	抑制
curbs	抑制
cure	治疗
cured	治疗
cures	治疗
curing	治疗
curious	好奇的
curiouser	好奇的
curiously	好奇地
curl	拳曲
curled	拳曲
curlier	拳曲的
curlies	拳曲的
curliest	拳曲的
curling	拳曲
curls	拳曲
curly	拳曲的
currencies	货币
currency	货币
current	涌流
currently	现在
currents	涌流
curricula	课程
curriculum	课程
curriculums	课程
curtain	帐
curtained	帐
curtaining	帐
curtains	帐
curve	曲线
curved	弯曲的
curves	曲线
curving	曲线
cushion	垫子
cushioned	垫子
cushioning	垫子
cushions	垫子
custom	习惯
customer	消费者
customers	消费者
customs	海关
cut	切口
cuts	切口
cutting	切口
cycle	周期
cycled	周期
cycles	周期
cycling	骑脚踏车兜风
cyclist	骑脚踏车的人
cyclists	骑脚踏车的人
dad	爸爸
dads	爸爸
dailies	每日的
daily	每日的
dam	水坝
damage	损害
damaged	损害
damages	损害
damaging	损害
dammed	水坝
damming	水坝
damp	潮湿
damped	潮湿
damper	潮湿
dampest	潮湿
damping	潮湿
damps	潮湿
dams	水坝
dance	跳舞
danced	跳舞
dancer	舞蹈演员
dancers	舞蹈演员
dances	跳舞
dancing	舞蹈
danger	危险
dangerous	危险的
dangers	危险
dare	挑战
dared	挑战
dares	挑战
daring	挑战
dark	黑暗
darker	黑暗
darkest	黑暗
darkness	黑暗
darlington	达林顿
dash	冲撞
dashed	冲撞
dashes	冲撞
dashing	冲撞
data	pl.资料
database	数据库
databases	数据库
date	日期
dated	日期
dates	日期
dating	日期
daughter	女儿
daughters	女儿
david	大卫
dawn	破晓
dawned	破晓
dawning	破晓
dawns	破晓
day	天
daylight	白昼
daylighting	白昼
daylights	白昼
days	天
de	非对映体过量
dead	死的
deadline	最后期限
deadlines	最后期限
deaf	聋的
deafer	聋的
deafest	聋的
deal	交易
dealer	经销商
dealers	经销商
dealing	交易
deals	交易
dealt	交易
dear	亲爱的人
dearer	亲爱的人
dearest	亲爱的人
dears	亲爱的人
death	死亡
deaths	死亡
debate	辩论
debated	辩论
debates	辩论
debating	辩论
debt	债务
debts	债务
dec	美国数字电子公司
decade	十年
decades	十年
decay	衰退
decayed	衰退
decaying	衰退
decays	衰退
december	十二月
decide	决定
decided	决定
decides	决定
deciding	决定
decision	决定
decisions	决定
declare	宣布
declared	宣布
declares	宣布
declaring	宣布
decline	衰退
declined	衰退
declines	衰退
declining	衰退
decorate	装饰
decorated	装饰
decorates	装饰
decorating	装饰
decoration	装饰
decorations	装饰
decorative	装饰性的
decrease	减少
decreased	减少
decreases	减少
decreasing	减少
deed	行为
deeds	行为
deep	深的
deeper	深的
deepest	深的
deeply	深刻地
deeps	深的
deer	鹿
deering	鹿
defeat	败北
defeated	败北
defeating	败北
defeats	败北
defence	防卫
defences	防卫
defend	防护
defendant	被告
defendants	被告
defended	防护
defending	防护
defends	防护
defense	防卫
defenses	防卫
deficit	赤字
deficits	赤字
define	定义
defined	定义
defines	定义
defining	定义
definite	明确的
definitely	明确无疑地
definites	明确的
definition	定义
definitions	定义
degree	程度
degrees	程度
delay	耽搁
delayed	耽搁
delaying	耽搁
delays	耽搁
delete	删除
deleted	删除
deletes	删除
deleting	删除
deliberate	深思熟虑的
deliberated	深思熟虑的
deliberately	故意地
deliberates	深思熟虑的
deliberating	深思熟虑的
delicate	细致优雅的
delicious	美味的
delight	高兴
delighted	高兴的
delighting	高兴
delights	高兴
deliver	递送
delivered	递送
deliveries	递送
delivering	递送
delivers	递送
delivery	递送
demand	要求
demanded	要求
demanding	要求
demands	要求
democracies	民主政治
democracy	民主政治
democrat	民主人士
democratic	民主的
democrats	民主人士
demonstrate	示范
demonstrated	示范
demonstrates	示范
demonstrating	示范
demonstration	示范
demonstrations	示范
denied	否认
denies	否认
dentist	牙科医生
dentists	牙科医生
deny	否认
denying	否认
denys	否认
department	部门
departments	部门
departure	离开
departures	离开
depend	靠
depended	靠
dependent	依赖他人者
dependents	依赖他人者
depending	靠
depends	靠
deposit	存款
deposited	存款
depositing	存款
deposits	存款
depress	使沮丧
depressed	沮丧的
depresses	使沮丧
depressing	抑压的
depression	不景气
depressions	不景气
depth	深度
depths	深度
deputies	副手
deputy	副手
derive	得自
derived	得自
derives	得自
deriving	得自
describe	描述
described	描述
describes	描述
describing	描述
description	描述
descriptions	描述
desert	沙漠
deserted	被遗弃的
deserting	沙漠
deserts	沙漠
deserve	该得到
deserved	该得到
deserves	该得到
deserving	该得到
design	设计
designed	设计
designer	设计者
designers	设计者
designing	设计
designs	设计
desire	欲望
desired	欲望
desires	欲望
desiring	欲望
desk	书桌
desks	书桌
desperate	不顾一切的
desperately	拼命地
despite	轻视
dessert	餐后甜点
desserts	餐后甜点
destination	目的地
destinations	目的地
destroy	破坏
destroyed	破坏
destroying	破坏
destroys	破坏
destruction	破坏
destructions	破坏
detail	细节
detailed	详细的
detailing	细节
details	细节
detect	发现
detected	发现
detecting	发现
detective	侦探
detectives	侦探
detects	发现
determination	决心
determinations	决心
determine	决定
determined	坚决的
determines	决定
determining	决定
develop	发展
developed	发展
developing	发展中的
development	发展
developments	发展
develops	发展
device	装置
devices	装置
devote	投入于
devoted	投入的
devotes	投入于
devoting	投入于
devotion	热爱
devotions	热爱
diagram	图表
diagrammed	图表
diagramming	图表
diagrams	图表
dial	刻度盘
dialed	刻度盘
dialing	刻度盘
dialled	刻度盘
dialogue	对话
dialogues	对话
dials	刻度盘
diamond	钻石
diamonds	钻石
diaries	日记
diary	日记
dictation	听写
dictations	听写
dictionaries	字典
dictionary	字典
did	做
die	死亡
died	死亡
dies	死亡
diet	日常饮食
dieted	日常饮食
dieting	日常饮食
diets	日常饮食
differ	不一致
differed	不一致
difference	不同
differences	不同
different	不同的
differently	差异
differing	不一致
differs	不一致
difficult	困难的
difficulties	困难
difficulty	困难
dig	挖
digest	文摘
digested	文摘
digesting	文摘
digests	文摘
digged	挖
digging	挖
digital	数字显示的
dignities	尊严
dignity	尊严
digs	挖
dilemma	困境
dilemmas	困境
dimension	尺寸
dimensioned	尺寸
dimensioning	尺寸
dimensions	尺寸
dine	用正餐
dined	用正餐
dines	用正餐
dining	用正餐
dinner	晚餐
dinners	晚餐
dinosaur	恐龙
dinosaurs	恐龙
dioxide	二氧化物
dioxides	二氧化物
dip	浸
diploma	文凭
diplomas	文凭
dipped	浸
dipping	浸
dips	浸
direct	直接的
directed	直接的
directing	直接的
direction	方向
directions	方向
directly	径直地
director	主管
directories	目录
directors	主管
directory	目录
directs	直接的
dirt	污垢
dirtied	肮脏的
dirtier	肮脏的
dirties	肮脏的
dirtiest	肮脏的
dirty	肮脏的
dirtying	肮脏的
disabilities	无力
disability	无力
disabled	残废的
disadvantage	缺点
disadvantaged	缺点
disadvantages	缺点
disadvantaging	缺点
disagree	不一致
disagreed	不一致
disagreeing	不一致
disagreement	不合
disagreements	不合
disagrees	不一致
disappear	消失
disappeared	消失
disappearing	消失
disappears	消失
disappoint	使失望
disappointed	失望的
disappointing	使失望的
disappointment	失望
disappointments	失望
disappoints	使失望
disapproval	不赞成
disapprovals	不赞成
disapprove	不赞成
disapproved	不赞成
disapproves	不赞成
disapproving	不满的
disaster	灾祸
disasters	灾祸
disc	圆盘
discipline	训练
disciplined	训练
disciplines	训练
disciplining	训练
discount	折扣
discounted	折扣
discounting	折扣
discounts	折扣
discourage	使气馁
discouraged	使气馁
discourages	使气馁
discouraging	使气馁
discover	发现
discovered	发现
discoveries	发现
discovering	发现
discovers	发现
discovery	发现
discrimination	差别
discriminations	差别
discs	圆盘
discuss	讨论
discussed	讨论
discusses	讨论
discussing	讨论
discussion	讨论
discussions	讨论
disease	疾病
diseases	疾病
disgust	厌恶
disgusted	厌恶的
disgusteds	厌恶的
disgusting	令人厌恶的
disgusts	厌恶
dish	盘子
dished	盘子
dishes	盘子
dishing	盘子
dishonest	不诚实的
dishonestly	不诚实地
disk	圆盘
disks	圆盘
dislike	嫌恶
disliked	嫌恶
dislikes	嫌恶
disliking	嫌恶
dismiss	解散
dismissed	解散
dismisses	解散
dismissing	解散
disobey	违反
disobeyed	违反
disobeying	违反
disobeys	违反
disorder	杂乱
disordered	杂乱
disordering	杂乱
disorders	杂乱
display	显示
displayed	显示
displaying	显示
displays	显示
dispute	争论
disputed	争论
disputes	争论
disputing	争论
dissolve	溶解
dissolved	溶解
dissolves	溶解
dissolving	溶解
distance	距离
distanced	距离
distances	距离
distancing	距离
distant	远的
distinct	清楚的
distinction	区别
distinctions	区别
distinguish	区别
distinguished	区别
distinguishes	区别
distinguishing	区别
distribute	分配
distributed	分配
distributes	分配
distributing	分配
distribution	分配
distributions	分配
district	区域
districted	区域
districting	区域
districts	区域
disturb	扰乱
disturbed	扰乱
disturbing	引起烦恼的
disturbs	扰乱
dive	潜水
dived	潜水
diverse	不同的
diversities	差异
diversity	差异
dives	潜水
divide	分开
divided	分开
divides	分开
dividing	分开
diving	潜水
division	分
divisions	分
divorce	离婚
divorced	离婚的
divorces	离婚
divorcing	离婚
dizzied	晕眩的
dizzier	晕眩的
dizzies	晕眩的
dizzy	晕眩的
dizzying	晕眩的
dna	脱氧核糖核酸
dnas	脱氧核糖核酸
do	做
doctor	医生
doctored	医生
doctoring	医生
doctors	医生
document	文件
documented	文件
documenting	文件
documents	文件
does	做
dog	狗
dogged	狗
dogging	狗
dogs	狗
doing	做
doll	洋娃娃
dollar	美元
dollars	美元
dolled	洋娃娃
dolling	洋娃娃
dolls	洋娃娃
domestic	家庭的
domestics	家庭的
dominate	支配
dominated	支配
dominates	支配
dominating	支配
done	做
door	门
doors	门
dormitories	宿舍
dormitory	宿舍
dot	点
dots	点
dotted	点
dotting	点
double	两倍
doubled	两倍
doubles	两倍
doubling	两倍
doubt	怀疑
doubted	怀疑
doubting	怀疑
doubts	怀疑
down	向下的
downed	向下的
downing	向下的
download	卸载
downloaded	卸载
downloading	卸载
downloads	卸载
downs	向下的
downstairs	楼下
downtown	市中心区
downtowner	市中心区
downward	向下的
downwards	向下
dozen	打
dr	博士
draft	气流
drafted	气流
drafting	气流
drafts	气流
drag	拖
dragged	拖
dragging	拖
drags	拖
drama	戏剧
dramas	戏剧
dramatic	戏剧性的
dramatically	戏剧地
dramatics	戏剧性的
drank	饮料
draw	拉
drawback	缺点
drawbacks	缺点
drawer	抽屉
drawers	抽屉
drawing	图画
drawings	图画
drawn	拉
draws	拉
dream	梦
dreamed	梦
dreaming	梦
dreams	梦
dreamt	梦
dress	服装
dressed	穿好衣服的
dresses	服装
dressing	服装
drew	拉
dried	干的
drier	干燥机
driers	干燥机
dries	干的
driest	干的
drill	钻孔机
drilled	钻孔机
drilling	钻孔机
drills	钻孔机
drink	饮料
drinking	饮料
drinks	饮料
drive	驾车
driven	驾车
driver	驾驶员
drivers	驾驶员
drives	驾车
driving	赶
drop	滴
dropped	滴
dropping	滴
drops	滴
drove	驾车
drown	淹死
drowned	淹死
drowning	淹死
drowns	淹死
drug	药
drugged	药
drugging	药
drugs	药
drugstore	药房
drugstores	药房
drum	鼓
drummed	鼓
drumming	鼓
drums	鼓
drunk	喝醉了的
drunker	喝醉了的
drunks	喝醉了的
dry	干的
drying	干的
duck	鸭子
ducked	鸭子
ducking	鸭子
ducks	鸭子
due	应得的东西
dug	挖
duke	公爵
dukes	公爵
dull	钝的
dulled	钝的
duller	钝的
dullest	钝的
dulling	钝的
dulls	钝的
dump	垃圾场
dumped	垃圾场
dumping	垃圾场
dumpling	面团布丁
dumplings	面团布丁
dumps	垃圾场
during	在...的时候
dusk	薄暮
dusked	薄暮
dusking	薄暮
dusks	薄暮
dust	灰尘
dustbin	垃圾箱
dustbins	垃圾箱
dusted	灰尘
dustier	灰尘多的
dusting	灰尘
dusts	灰尘
dusty	灰尘多的
duties	责任
duty	责任
dvd	abbr.数字化视频光盘
dying	垂死的
dynamic	动态的
dynasties	朝代
dynasty	朝代
each	每个
eager	热心的
eagle	鹰
eagled	鹰
eagles	鹰
eagling	鹰
ear	耳朵
earlier	早的
earliest	早的
early	早的
earn	赚得
earned	赚得
earning	赚得
earnings	所赚的钱
earns	赚得
ears	耳朵
earth	地球
earthed	地球
earthing	地球
earthquake	地震
earthquakes	地震
earths	地球
ease	安乐
eased	安乐
eases	安乐
easier	容易的
easiest	容易的
easily	容易地
easing	安乐
east	东方
easter	复活节
eastern	东方人
easters	复活节
eastwards	向东方地
easy	容易的
eat	吃
eaten	吃
eating	吃
eats	吃
ec	电子计算机
ecologies	生态学
ecology	生态学
economic	经济上的
economies	经济
economy	经济
edge	边缘
edged	边缘
edges	边缘
edging	边缘
edinburgh	爱丁堡
edition	版本
editions	版本
editor	编者
editors	编者
educate	教育
educated	受过教育的
educates	教育
educating	教育
education	教育
educational	教育的
educator	教育家
educators	教育家
edward	爱德华
effect	结果
effected	结果
effecting	结果
effective	有效的
effectively	有效地
effects	结果
efficiencies	效率
efficiency	效率
efficient	有效率的
efficiently	生效
effort	努力
efforts	努力
eg	abbr.[拉]例如
egg	蛋
egged	蛋
egging	蛋
eggplant	茄子
eggplants	茄子
eggs	蛋
egs	abbr.[拉]例如
egyptian	埃及人
egyptians	埃及人
eh	啊!嗯!是吗?好吗?
ehs	啊!嗯!是吗?好吗?
eight	八
eighteen	十八
eighth	第八
eighty	八十
either	或
elbow	手肘
elbowed	手肘
elbowing	手肘
elbows	手肘
elder	年长者
elderly	过了中年的
elders	年长者
elect	当选人
elected	当选人
electing	当选人
election	选举
elections	选举
electric	电的
electrical	电的
electricals	电的
electricity	电
electrics	电的
electronic	电子的
elects	当选人
elegant	优雅的
element	元件
elementary	初步的
elements	元件
elephant	象
elephants	象
elevator	电梯
elevators	电梯
eleven	十一
eliminate	除去
eliminated	除去
eliminates	除去
eliminating	除去
elizabeth	伊丽莎白
else	别的
elsewhere	在别处
email	电子信函
embarrass	使困窘
embarrassed	尴尬的
embarrasses	使困窘
embarrassing	令人为难的
embarrassment	困难
embarrassments	困难
embassies	大使馆
embassy	大使馆
embrace	拥抱
embraced	拥抱
embraces	拥抱
embracing	拥抱
emerge	浮现
emerged	浮现
emergencies	紧急状况
emergency	紧急状况
emerges	浮现
emerging	浮现
emotion	情绪
emotional	情绪的
emotionally	在情绪上
emotions	情绪
emperor	皇帝
emperors	皇帝
emphasis	强调
emphasize	强调
emphasized	强调
emphasizes	强调
emphasizing	强调
empire	帝国
empires	帝国
employ	雇用
employed	雇用
employee	职员
employees	职员
employer	雇主
employers	雇主
employing	雇用
employment	雇用
employments	雇用
employs	雇用
emptied	空的
emptier	空的
empties	空的
emptiest	空的
empty	空的
emptying	空的
enable	使能够
enabled	使能够
enables	使能够
enabling	使能够
encounter	相会
encountered	相会
encountering	相会
encounters	相会
encourage	鼓励
encouraged	鼓励
encouragement	鼓励
encouragements	鼓励
encourages	鼓励
encouraging	鼓励
end	结束
ended	结束
ending	终止
endings	终止
endless	不停的
ends	结束
enemies	敌人
enemy	敌人
energetic	精力充沛的
energetics	精力充沛的
energies	精力
energy	精力
enforcement	执行
enforcements	执行
engage	答应
engaged	忙碌的
engages	答应
engaging	答应
engine	引擎
engined	引擎
engineer	工程师
engineered	工程师
engineering	工程学
engineers	工程师
engines	引擎
england	英格兰
english	英语
enhance	提高
enhanced	提高
enhances	提高
enhancing	提高
enjoy	享受
enjoyable	可从中得到乐趣的
enjoyed	享受
enjoying	享受
enjoyment	享乐
enjoyments	享乐
enjoys	享受
enlarge	扩大
enlarged	扩大
enlarges	扩大
enlarging	扩大
enormous	巨大的
enough	充足
enquiries	询问
enquiry	询问
ensure	确定
ensured	确定
ensures	确定
ensuring	确定
enter	进入
entered	进入
entering	进入
enterprise	企业
enterprises	企业
enters	进入
entertain	娱乐
entertained	娱乐
entertainer	表演娱乐节目的人
entertainers	表演娱乐节目的人
entertaining	使人愉快的
entertainment	娱乐
entertainments	娱乐
entertains	娱乐
enthusiasm	巨大的热情
enthusiasms	巨大的热情
enthusiastic	狂热的
entire	整个
entirely	完全
entitle	给...权利
entitled	给...权利
entitles	给...权利
entitling	给...权利
entrance	入口
entranced	入口
entrances	入口
entrancing	入口
entries	登录
entry	登录
envelope	信封
envelopes	信封
envied	羡慕
envies	羡慕
environment	环境
environmental	周围的
environments	环境
envy	羡慕
envying	羡慕
equal	对手
equaled	对手
equaling	对手
equalities	平等
equality	平等
equalled	对手
equalling	对手
equally	相等地
equals	对手
equation	相等
equations	相等
equip	装备
equipment	装备
equipments	装备
equipped	装备
equipping	装备
equips	装备
equivalent	同等物
equivalents	同等物
er	铒
era	时代
eras	时代
eraser	擦子
erasers	擦子
erm	abbr.ermine貂
error	错误
errors	错误
erupt	爆发
erupted	爆发
erupting	爆发
erupts	爆发
escape	逃亡
escaped	逃亡
escapes	逃亡
escaping	逃亡
especially	尤其
essay	随笔
essayed	随笔
essaying	随笔
essays	随笔
essential	要素
essentially	本质上
essentials	要素
establish	建立
established	建立
establishes	建立
establishing	建立
establishment	确立
establishments	确立
estate	不动产
estates	不动产
estimate	估计
estimated	估计
estimates	估计
estimating	估计
etc	及其他
ethnic	人种的
euro	欧元
europe	欧洲
european	欧洲人
europeans	欧洲人
euros	欧元
evaluate	评估
evaluated	评估
evaluates	评估
evaluating	评估
evaluation	评估
evaluations	评估
even	平坦的
evened	平坦的
evening	傍晚
evenings	傍晚
evens	平坦的
event	事件
events	事件
eventually	最后
ever	曾经
every	每一
everybody	每个人
everyday	每天的
everyone	每个人
everything	每件事物
everywhere	各处
evidence	根据
evidenced	根据
evidences	根据
evidencing	根据
evident	显然的
evil	邪恶
evils	邪恶
evolution	进化
evolutions	进化
exact	精确的
exacted	精确的
exacting	精确的
exactly	确切地
exacts	精确的
exaggerate	夸大
exaggerated	夸大的
exaggerates	夸大
exaggerating	夸大
exam	考试
examination	考试
examinations	考试
examine	检查
examined	检查
examines	检查
examining	检查
example	例子
examples	例子
exams	考试
excellent	优良的
except	除
excepted	除
excepting	除
exception	例外
exceptions	例外
excepts	除
exchange	交换
exchanged	交换
exchanges	交换
exchanging	交换
excite	刺激
excited	兴奋的
excitement	刺激
excitements	刺激
excites	刺激
exciting	令人兴奋的
exclude	除外
excluded	除外
excludes	除外
excluding	把...排除在外
excuse	原谅
excused	原谅
excuses	原谅
excusing	原谅
executive	执行部门
executives	执行部门
exercise	行使
exercised	行使
exercises	行使
exercising	行使
exhibit	显示
exhibited	显示
exhibiting	显示
exhibition	表现
exhibitions	表现
exhibits	显示
exist	存在
existed	存在
existence	存在
existences	存在
existing	存在的
exists	存在
exit	出口
exited	出口
exiting	出口
exits	出口
expand	使膨胀
expanded	使膨胀
expanding	使膨胀
expands	使膨胀
expansion	扩充
expansions	扩充
expect	预期
expectation	期待
expectations	期待
expected	预期的
expecting	预期
expects	预期
expenditure	开支
expenditures	开支
expense	费用
expenses	费用
expensive	贵的
experience	经历
experienced	富有经验的
experiences	经历
experiencing	经历
experiment	实验
experimented	实验
experimenting	实验
experiments	实验
expert	专家
experts	专家
explain	解释
explained	解释
explaining	解释
explains	解释
explanation	解释
explanations	解释
explicit	详述的
explode	爆炸
exploded	爆炸
explodes	爆炸
exploding	爆炸
exploit	功绩
exploited	功绩
exploiting	功绩
exploits	功绩
explore	探险
explored	探险
explorer	探险家
explorers	探险家
explores	探险
exploring	探险
explosion	爆发
explosions	爆发
export	输出品
exported	输出品
exporting	输出品
exports	输出品
expose	使暴露
exposed	使暴露
exposes	使暴露
exposing	使暴露
exposure	暴露
exposures	暴露
express	快车
expressed	快车
expresses	快车
expressing	快车
expression	表达
expressions	表达
extend	扩充
extended	扩充
extending	扩充
extends	扩充
extension	延长
extensions	延长
extensive	广的
extent	范围
extents	范围
external	外部
externals	外部
extra	额外的事物
extraordinaries	非常的
extraordinary	非常的
extras	额外的事物
extreme	极端
extremely	极端地
extremes	极端
extremest	极端
eye	眼睛
eyed	眼睛
eyeing	眼睛
eyes	眼睛
eyesight	视力
eyewitness	目击者
eyewitnesses	目击者
f	故障
face	脸
faced	脸
faces	脸
facial	美颜
facials	美颜
facilities	容易
facility	容易
facing	脸
fact	事实
factor	因素
factored	因素
factories	工厂
factoring	因素
factors	因素
factory	工厂
facts	事实
faculties	才能
faculty	才能
fade	褪色
faded	褪色
fades	褪色
fading	褪色
fail	失败
failed	失败
failing	失败
fails	失败
failure	失败
failures	失败
faint	昏厥
fainted	昏厥
fainter	昏厥
faintest	昏厥
fainting	昏厥
faintly	微弱地
faints	昏厥
fair	展览会
faired	展览会
fairer	展览会
fairest	展览会
fairing	展览会
fairly	美观地
fairness	晴朗
fairs	展览会
faith	信心
faithful	忠实的
faithfully	忠实地
faithfuls	忠实的
faiths	信心
fall	落下
fallen	落下
falling	落下
falls	落下
false	错误的
fame	名望
familiar	熟悉的
familiars	熟悉的
families	家庭
family	家庭
famous	出名的
fan	风扇
fancied	想象力
fancier	想象力
fancies	想象力
fancy	想象力
fancying	想象力
fanned	风扇
fanning	风扇
fans	风扇
fantasied	幻想
fantasies	幻想
fantastic	奇妙的
fantasy	幻想
fantasying	幻想
far	远的
fare	费用
fared	费用
fares	费用
faring	费用
farm	农场
farmed	农场
farmer	农夫
farmers	农夫
farming	农业
farms	农场
farther	更远的
fashion	流行
fashionable	时髦的
fashionables	时髦的
fashioned	流行
fashioning	流行
fashions	流行
fast	快速的
fasted	快速的
fasten	拴紧
fastened	拴紧
fastening	拴紧
fastens	拴紧
faster	快速的
fastest	快速的
fasting	快速的
fasts	快速的
fat	脂肪
father	父亲
fathered	父亲
fathering	父亲
fathers	父亲
fats	脂肪
fatted	脂肪
fatter	脂肪
fattest	脂肪
fatting	脂肪
faucet	龙头
faucets	龙头
fault	过错
faulted	过错
faulting	过错
faults	过错
favor	好意
favored	好意
favoring	好意
favorite	喜欢的事物
favorites	喜欢的事物
favors	好意
favour	好感
favoured	好感
favouring	好感
favourite	喜欢的事物
favourites	喜欢的事物
favours	好感
fax	传真
faxed	传真
faxes	传真
faxing	传真
fear	恐怖
feared	恐怖
fearing	恐怖
fears	恐怖
feast	宴会
feasted	宴会
feasting	宴会
feasts	宴会
feather	羽毛
feathered	羽毛
feathering	羽毛
feathers	羽毛
feature	面孔的一部分
featured	面孔的一部分
features	面孔的一部分
featuring	面孔的一部分
february	二月
fed	饲料
federal	联邦的
fee	费用
feed	饲料
feeding	饲料
feeds	饲料
feeing	饲料
feel	感觉
feeling	摸
feelings	摸
feels	感觉
fees	费用
feet	脚
fell	落下
fellow	男人
fellows	男人
felt	感觉
female	女性
females	女性
fence	围墙
fenced	围墙
fences	围墙
fencing	围墙
ferried	渡船
ferries	渡船
ferry	渡船
ferrying	渡船
festival	节日的
festivals	节日的
fetch	取得
fetched	取得
fetches	取得
fetching	取得
fever	发烧
fevered	发烧
fevers	发烧
few	很少的
fewer	较少的
fiber	纤维
fibers	纤维
fibre	纤维
fibres	纤维
fiction	小说
fictions	小说
field	领域
fielded	领域
fielding	领域
fields	领域
fierce	凶猛的
fiercer	凶猛的
fiercest	凶猛的
fifteen	十五
fifth	第五
fifty	五十
fig	无花果
figging	无花果
fight	打架
fighter	斗士
fighters	斗士
fighting	战斗的
fights	打架
figs	无花果
figure	数字
figured	数字
figures	数字
figuring	数字
file	档案
filed	档案
files	档案
filing	档案
fill	装满
filled	装满
filling	装满
fills	装满
film	软片
filmed	软片
filming	软片
films	软片
final	期末考试
finally	最后
finals	期末考试
finance	财政
financed	财政
finances	财政
financial	财政的
financing	财政
find	发现
finding	发现
findings	发现
finds	发现
fine	罚款
fined	罚款
finely	雅致地
finer	罚款
fines	罚款
finest	罚款
finger	手指
fingered	手指
fingering	手指
fingernail	手指甲
fingernails	手指甲
fingers	手指
fining	罚款
finish	完成
finished	完成的
finishes	完成
finishing	完成
fire	火
fired	火
firefighter	<美>消防队员
firefighters	<美>消防队员
fireplace	壁炉
fireplaces	壁炉
fires	火
firewood	木柴
firework	烟火具
fireworks	烟火具
firing	火
firm	公司
firmed	公司
firmer	公司
firming	公司
firmly	坚固
firms	公司
first	首先
fish	鱼
fished	鱼
fisherman	渔夫
fishermen	渔夫
fishes	鱼
fishing	钓鱼
fishings	钓鱼
fist	拳头
fisting	拳头
fists	拳头
fit	适宜
fits	适宜
fitted	适宜
fitter	适宜
fittest	适宜
fitting	适宜
five	五
fix	使固定
fixed	固定的
fixes	使固定
fixing	使固定
flag	标志
flagged	标志
flagging	标志
flags	标志
flame	火焰
flamed	火焰
flames	火焰
flaming	燃烧的
flash	闪光
flashed	闪光
flasher	闪光
flashes	闪光
flashing	闪光
flashlight	手电筒
flashlights	手电筒
flat	平坦的
flats	平坦的
flatter	平坦的
flavour	味
flavoured	味
flavouring	味
flavours	味
fled	逃避
flee	逃避
fleeing	逃避
flees	逃避
flesh	肉
fleshed	肉
fleshes	肉
fleshing	肉
flew	苍蝇
flexible	易曲的
flies	苍蝇
flight	飞行
flighted	飞行
flighting	飞行
flights	飞行
float	漂流物
floated	漂流物
floating	漂流物
floats	漂流物
flood	洪水
flooded	洪水
flooding	洪水
floods	洪水
floor	地板
floored	地板
flooring	地板
floors	地板
flour	面粉
floured	面粉
flouring	面粉
flours	面粉
flow	流程
flowed	流程
flower	花
flowered	花
flowering	花
flowers	花
flowing	流程
flown	苍蝇
flows	流程
flu	流感
fluency	流畅
fluent	流利的
fly	苍蝇
flying	飞的
foci	焦点
focus	焦点
focused	焦点
focuses	焦点
focusing	焦点
focussed	焦点
focussing	焦点
fog	雾
fogged	雾
foggier	雾深的
foggiest	雾深的
fogging	雾
foggy	雾深的
fogs	雾
fold	折层
folded	折层
folding	可折叠的
foldings	可折叠的
folds	折层
folk	人们
folks	人们
follow	跟随
followed	跟随
following	下列各项
followings	下列各项
follows	跟随
fond	喜欢的
fonder	喜欢的
fondest	喜欢的
fonds	喜欢的
food	食物
foods	食物
fool	愚人
fooled	愚人
fooling	愚人
foolish	愚蠢的
fools	愚人
foot	脚
football	足球
footballs	足球
footed	脚
footing	脚
foots	脚
for	为
forbade	禁止
forbid	禁止
forbidden	禁止
forbidding	禁止
forbids	禁止
force	力量
forced	力量
forces	力量
forcing	力量
forecast	预想
forecasted	预想
forecasting	预想
forecasts	预想
forehead	额
foreheads	额
foreign	外国的
foreigner	外国人
foreigners	外国人
foresaw	预见
foresee	预见
foreseeing	预见
foreseen	预见
foresees	预见
forest	森林
forested	森林
foresting	森林
forests	森林
forever	永远
forgave	原谅
forget	忘记
forgetful	健忘的
forgets	忘记
forgetting	忘记
forgive	原谅
forgiven	原谅
forgives	原谅
forgiving	原谅
forgot	忘记
forgotten	忘记
fork	叉子
forked	叉子
forking	叉子
forks	叉子
form	形状
formal	正式的
formally	正式地
format	开本
formation	形成
formations	形成
formats	开本
formatted	开本
formatting	开本
formed	形状
former	从前的
formerly	从前
formers	从前的
forming	形状
forms	形状
formula	客套语
formulae	客套语
formulas	客套语
forth	往前
fortnight	两星期
fortnights	两星期
fortunate	幸运的
fortune	财富
fortunes	财富
forty	四十
forward	向前的
forwarded	向前的
forwarding	向前的
forwards	向前的
fought	打架
found	建立
foundation	基础
foundations	基础
founded	建立
founding	铸造
founds	建立
fountain	水源
fountained	水源
fountaining	水源
fountains	水源
four	四
fourteen	十四
fourth	第四
fourths	第四
fox	狐狸
foxed	狐狸
foxes	狐狸
foxing	狐狸
fragile	易碎的
fragrant	芬香的
frame	框
framed	框
frames	框
framework	结构
frameworks	结构
framing	框
franc	法郎
france	法国
francs	法郎
frank	坦白的
franked	坦白的
franker	坦白的
frankest	坦白的
franking	坦白的
franks	坦白的
free	自由的
freed	自由的
freedom	自由
freedoms	自由
freeing	自由的
freely	自由地
freer	自由的
frees	自由的
freeway	高速公路
freeways	高速公路
freeze	冻结
freezes	冻结
freezing	冰冻的
french	法国人
frenches	法国人
frenchman	法国人
frenchmen	法国人
frequencies	频率
frequency	频率
frequent	时常发生的
frequented	时常发生的
frequenting	时常发生的
frequently	频繁
frequents	时常发生的
fresh	新鲜的
fresher	新鲜的
freshest	新鲜的
freshly	新
friction	摩擦
frictioned	摩擦
frictions	摩擦
friday	星期五
fridays	星期五
fridge	电冰箱
fridges	电冰箱
fried	油炸的
friend	朋友
friendlier	友好的
friendlies	友好的
friendliest	友好的
friendly	友好的
friends	朋友
friendship	友谊
friendships	友谊
fries	油炸食物
fright	惊骇
frighted	惊骇
frighten	使惊吓
frightened	受惊吓的
frightening	令人恐惧的
frightens	使惊吓
frights	惊骇
frog	青蛙
frogged	青蛙
frogging	青蛙
frogs	青蛙
from	从
front	前面
fronted	前面
frontier	边界
frontiers	边界
fronting	前面
fronts	前面
frost	霜
frosted	霜
frosting	霜
frosts	霜
froze	冻结
frozen	冻结的
fruit	水果
fruited	水果
fruiting	水果
fruits	水果
fry	油炸食物
frying	油炸食物
fuel	燃料
fuelled	燃料
fuelling	燃料
fuels	燃料
full	全部
fuller	全部
fullest	全部
fully	十分地
fun	乐趣
function	官能
functioned	官能
functioning	官能
functions	官能
fund	基金
fundamental	基本原理
fundamentals	基本原理
funded	基金
funding	债务转期
fundings	债务转期
funds	基金
funeral	葬礼
funerals	葬礼
funnier	好笑的
funnies	好笑的
funniest	好笑的
funny	好笑的
fur	毛皮
furnished	家具
furniture	家具
furred	毛皮
furring	毛皮
furs	毛皮
further	更远的
furthered	更远的
furthering	更远的
furthers	更远的
furthest	远的
future	未来
futures	未来
g	千兆
gain	增益
gained	增益
gaining	增益
gains	增益
gale	狂风
gales	狂风
galleries	走廊
gallery	走廊
gallon	加仑
gallons	加仑
gamble	赌博
gambled	赌博
gambles	赌博
gambling	赌博
game	比赛
gamed	比赛
games	比赛
gaming	比赛
gang	队
ganged	队
ganging	队
gangs	队
gap	缝隙
gapped	缝隙
gapping	缝隙
gaps	缝隙
garage	车库
garaged	车库
garages	车库
garaging	车库
garbage	垃圾
garden	花园
gardened	花园
gardening	园艺
gardens	花园
garlic	大蒜
garment	衣服
garmented	衣服
garmenting	衣服
garments	衣服
gas	气体
gases	气体
gasoline	汽油
gassed	气体
gasses	气体
gassing	气体
gate	门
gated	门
gates	门
gather	集合
gathered	集合
gathering	集合
gathers	集合
gating	门
gave	弹性
gay	欢快的
gays	欢快的
gear	齿轮
geared	齿轮
gearing	齿轮
gears	齿轮
geese	鹅
gender	性
gendered	性
genders	性
gene	基因
general	一般
generally	通常
generals	一般
generate	产生
generated	产生
generates	产生
generating	产生
generation	一代
generations	一代
generous	慷慨的
generously	宽大地
genes	基因
gentle	温和的
gentled	温和的
gentleman	绅士
gentlemen	绅士
gentles	温和的
gentling	温和的
gently	温和地
genuine	真正的
genuinely	真诚地
geographies	地理学
geography	地理学
geometries	几何学
geometry	几何学
george	乔治
german	德国人
germans	德国人
germany	德国
gesture	手势
gestured	手势
gestures	手势
gesturing	手势
get	得到
gets	得到
getting	得到
giant	巨人
giants	巨人
gift	礼物
gifted	有天才的
gifting	礼物
gifts	礼物
giraffe	长颈鹿
giraffes	长颈鹿
girl	女孩
girlfriend	女朋友
girlfriends	女朋友
girls	女孩
give	弹性
given	赠予的
givens	赠予的
gives	弹性
giving	弹性
glad	高兴的
gladder	高兴的
glance	一瞥
glanced	一瞥
glances	一瞥
glancing	一瞥
glare	闪耀光
glared	闪耀光
glares	闪耀光
glaring	闪耀光
glasgow	格拉斯哥
glass	玻璃
glassed	玻璃
glasses	眼镜
glasshouse	温室
glasshouses	温室
glassing	玻璃
global	通用的
globe	球
globed	球
globes	球
gloried	光荣
glories	光荣
glory	光荣
glorying	光荣
gloucester	格洛斯特
glove	手套
gloves	手套
gloving	手套
glue	胶
glued	胶
glueing	胶
glues	胶
gluing	胶
gm	通用汽车公司
go	去
goal	目标
goals	目标
goat	山羊
goats	山羊
god	上帝
gods	上帝
goes	去
going	去
goings	去
gold	黄金
golden	金的
goldfish	金鱼
goldfishes	金鱼
golding	黄金
golds	黄金
golf	高尔夫球
golfed	高尔夫球
golfing	高尔夫球
golfs	高尔夫球
gone	去
good	善行
goodbye	再见
goodbyes	再见
goodness	仁慈
goods	货物
goose	鹅
goosed	鹅
gooses	鹅
goosing	鹅
got	得到
govern	统治
governed	统治
governing	统治
government	政府
governments	政府
governor	节制器
governors	节制器
governs	统治
gown	睡衣
gowned	睡衣
gowning	睡衣
gowns	睡衣
grab	抓握
grabbed	抓握
grabbing	抓握
grabs	抓握
grade	等级
graded	等级
grades	等级
grading	等级
gradual	逐渐的
gradually	逐渐地
graduate	毕业生
graduated	毕业生
graduates	毕业生
graduating	毕业生
graduation	毕业
graduations	毕业
graham	全麦的
grain	谷粒
grained	谷粒
graining	谷粒
grains	谷粒
gram	克
grammar	语法学
grammars	语法学
grams	克
grand	庄重的
grandchild	孙
granddaughter	孙女
granddaughters	孙女
grander	庄重的
grandest	庄重的
grandfather	祖父
grandfathers	祖父
grandma	奶奶
grandmas	奶奶
grandmother	祖母
grandmothers	祖母
grandpa	爷爷
grandparent	祖父母
grandparents	外祖父母
grandpas	爷爷
grands	庄重的
grandson	孙子
grandsons	孙子
grannies	奶奶
granny	奶奶
grant	授予
granted	授予
granting	授予
grants	授予
grape	葡萄
grapes	葡萄
graph	曲线图
graphed	曲线图
graphing	曲线图
graphs	曲线图
grasp	把握
grasped	把握
grasping	把握
grasps	把握
grass	草
grassed	草
grasses	草
grassing	草
grateful	感谢的
grave	墓穴
graven	墓穴
graver	墓穴
graves	墓穴
gravest	墓穴
graving	墓穴
gravities	地心引力
gravity	地心引力
gray	灰色
grayed	灰色
graying	灰色
grays	灰色
great	大的
greater	大的
greatest	最大的
greatests	最大的
greatly	很
greats	大的
greece	希腊
greedier	贪婪的
greediest	贪婪的
greedy	贪婪的
greek	希腊人
greeks	希腊人
green	绿色
greener	绿色
greenest	绿色
greengrocer	蔬菜水果商
greengrocers	蔬菜水果商
greens	绿色
greet	问候
greeted	问候
greeting	祝贺
greetings	祝贺
greets	问候
grew	种植
grey	灰色
greyed	灰色
greying	灰色
greys	灰色
grill	烤架
grilled	烤架
grilling	烤架
grills	烤架
grinding	土地
grinds	土地
grocer	食品商
groceries	食品
grocers	食品商
grocery	食品杂货店
ground	土地
grounded	土地
grounds	土地
group	团体
grouped	团体
grouping	团体
groups	团体
grow	种植
growing	成长的
grown	种植
grows	种植
growth	生长
growths	生长
gruel	稀粥
guarantee	担保
guaranteed	担保
guaranteeing	担保
guarantees	担保
guard	守卫者
guarded	守卫者
guarding	守卫者
guards	守卫者
guess	猜测
guessed	猜测
guesses	猜测
guessing	猜测
guest	客人
guesting	客人
guests	客人
guidance	指导
guide	引导者
guided	引导者
guides	引导者
guiding	引导者
guilty	犯罪的
guitar	吉他
guitars	吉他
gun	枪
gunned	枪
gunning	枪
guns	枪
guy	家伙
guyed	家伙
guying	家伙
guys	家伙
gym	+体育馆
gymnasium	健身房
gymnasiums	健身房
gymnastics	体操
gyms	+体育馆
ha	嘿
habit	习惯
habited	习惯
habiting	习惯
habits	习惯
had	有
hair	头发
haircut	理发
haircuts	理发
haircutting	理发
hairdresser	美发师
hairdressers	美发师
hairs	头发
half	一半
hall	门厅
halling	门厅
halls	门厅
halves	一半
ham	火腿
hamburger	汉堡
hamburgers	汉堡
hammed	火腿
hammer	锤
hammered	锤
hammering	锤
hammers	锤
hamming	火腿
hams	火腿
hand	手
handbag	手提包
handbagged	手提包
handbags	手提包
handed	手
handful	少数
handfuls	少数
handier	便利的
handies	便利的
handing	手
handkerchief	手帕
handkerchiefs	手帕
handle	柄
handled	柄
handles	柄
handling	柄
hands	手
handsome	英俊的
handsomer	英俊的
handsomest	英俊的
handtruck	手推车
handwriting	笔迹
handwritings	笔迹
handy	便利的
hang	悬挂
hanged	悬挂
hanging	悬挂
hangs	悬挂
happen	发生
happened	发生
happening	发生
happens	发生
happier	快乐的
happiest	快乐的
happily	幸福地
happiness	快乐
happinesses	快乐
happy	快乐的
harbour	港
harboured	港
harbouring	港
harbours	港
hard	坚硬的
harder	坚硬的
hardest	坚硬的
hardly	刚刚
hardship	艰难
hardships	艰难
hardworking	苦干的
harm	伤害
harmed	伤害
harmful	有害的
harming	伤害
harmless	无害处的
harmonies	协调
harmony	协调
harms	伤害
harried	掠夺
harries	掠夺
harry	掠夺
harrying	掠夺
harvest	收获
harvested	收获
harvesting	收获
harvests	收获
has	有
hat	帽子
hatch	孵化
hatched	孵化
hatches	孵化
hatching	孵化
hate	憎恨
hated	憎恨
hates	憎恨
hating	憎恨
hatred	憎恨
hatreds	憎恨
hats	帽子
hatted	帽子
hatting	帽子
have	有
having	有
hawk	鹰
hawked	鹰
hawking	鹰
hawks	鹰
hay	干草
hayed	干草
haying	干草
hays	干草
he	他
head	头
headache	头痛
headaches	头痛
headed	头
heading	头
headline	大标题
headlined	大标题
headlines	大标题
headlining	大标题
heads	头
headteacher	中小学的校长
headteachers	中小学的校长
heal	痊愈
healed	痊愈
healing	痊愈
heals	痊愈
health	健康
healthier	健康的
healthiest	健康的
healthy	健康的
heap	堆
heaped	堆
heaping	堆
heaps	堆
hear	听到
heard	听到
hearing	听
hearings	听
hears	听到
heart	心
hearts	心
heat	热
heated	热
heating	加热
heats	热
heaven	天堂
heavens	天堂
heavier	重的
heavies	重的
heaviest	重的
heavily	很重地
heavy	重的
heel	脚后跟
heeled	脚后跟
heeling	脚后跟
heels	脚后跟
height	高度
heights	高度
held	把握
helicopter	直升机
helicoptered	直升机
helicoptering	直升机
helicopters	直升机
hell	地狱
hello	喂
hellos	喂
hells	地狱
helmet	钢盔
helmets	钢盔
help	帮忙
helped	帮忙
helpful	有帮助的
helping	帮忙
helps	帮忙
hen	母鸡
hence	因此
henry	亨利
hens	母鸡
her	她的
herb	药草
herbs	药草
here	在这里
hering	她的
hero	英雄
heroes	英雄
heroine	巾帼英雄
heroines	巾帼英雄
heros	英雄
hers	她的
herself	她自己
hesitate	犹豫
hesitated	犹豫
hesitates	犹豫
hesitating	犹豫
het	热
hey	嗨
heys	嗨
hi	喂
hibernate	过冬
hibernated	过冬
hibernates	过冬
hibernating	过冬
hibernation	过冬
hid	兽皮
hidden	兽皮
hide	兽皮
hides	兽皮
hiding	兽皮
high	高度
higher	高度
highest	高度
highlight	加亮区
highlighted	加亮区
highlighting	加亮区
highlights	加亮区
highly	非常
highs	高度
highway	公路
highways	公路
hill	小山
hilled	小山
hillier	多丘陵的
hilliest	多丘陵的
hilling	小山
hills	小山
hillside	山坡
hillsides	山坡
hilly	多丘陵的
him	他
hims	他
himself	他自己
hip	臀部
hipper	臀部
hippest	臀部
hips	臀部
hire	租金
hired	租金
hires	租金
hiring	租金
his	他的
historian	历史学家
historians	历史学家
historic	历史上著名的
historical	历史的
histories	历史
history	历史
hit	打击
hits	打击
hitting	打击
hive	蜂房
hived	蜂房
hives	蜂房
hiving	蜂房
hobbies	嗜好
hobby	嗜好
hold	把握
holder	持有人
holders	持有人
holding	把握
holds	把握
hole	孔
holed	孔
holes	孔
holiday	假日
holidayed	假日
holidaying	假日
holidays	假日
holier	神圣的
holies	神圣的
holiest	神圣的
holing	孔
hollow	洞
hollowed	洞
hollowing	洞
hollows	洞
holy	神圣的
home	家
homed	家
homeland	本国
homelands	本国
homes	家
hometown	故乡
homework	家庭作业
homeworking	家庭作业
homeworks	家庭作业
homing	家
hon	δ-羟基-γ-氧代正缬氨酸
honest	诚实的
honestly	真诚地
honey	蜂蜜
honeying	蜂蜜
honeys	蜂蜜
honied	蜂蜜
honing	δ-羟基-γ-氧代正缬氨酸
honor	荣誉
honored	荣誉
honoring	荣誉
honors	荣誉
honour	荣誉
honoured	荣誉
honouring	荣誉
honours	荣誉
hons	δ-羟基-γ-氧代正缬氨酸
hook	钩
hooked	钩
hooking	钩
hooks	钩
hooray	万岁
hoorays	万岁
hope	希望
hoped	希望
hopeful	有希望之人
hopefuls	有希望之人
hopeless	无希望的
hopes	希望
hoping	希望
horizontal	水平线
horizontals	水平线
horn	角
horned	角
horning	角
horns	角
horrible	可怕的
horror	惊骇
horrors	惊骇
horse	马
horsed	马
horses	马
horsing	马
hospital	医院
hospitals	医院
host	主人
hosted	主人
hostess	女主人
hostessed	女主人
hostesses	女主人
hostessing	女主人
hosting	主人
hosts	主人
hot	热的
hotdog	卖弄
hotdogging	卖弄
hotdogs	卖弄
hotel	旅馆
hotels	旅馆
hots	热的
hotter	热的
hottest	热的
hotting	热的
hour	小时
hours	小时
house	房子
housed	房子
household	一家人
households	一家人
houses	房子
housewife	主妇
housewifes	主妇
housewives	主妇
housework	家事
housing	遮盖
housings	遮盖
how	如何
however	然而
howl	嗥叫
howled	嗥叫
howling	嗥叫
howls	嗥叫
hug	紧抱
huge	极大的
hugged	紧抱
hugging	紧抱
hugs	紧抱
human	人
humans	人
humorous	富幽默感的
humour	幽默
humoured	幽默
humouring	幽默
humours	幽默
hundred	百
hung	悬挂
hunger	饥饿
hungered	饥饿
hungering	饥饿
hungers	饥饿
hungrier	饥饿的
hungriest	饥饿的
hungry	饥饿的
hunt	狩猎
hunted	狩猎
hunter	猎人
hunters	猎人
hunting	狩猎
hunts	狩猎
hurricane	飓风
hurricanes	飓风
hurried	匆忙
hurries	匆忙
hurry	匆忙
hurrying	匆忙
hurt	伤害
hurting	伤害
hurts	伤害
husband	丈夫
husbanded	丈夫
husbanding	丈夫
husbands	丈夫
hydrogen	氢
hydrogens	氢
i	我
ian	伊恩
ibm	美国国际商用机器公司
ice	冰
iced	冰
iceland	冰岛
icelands	冰岛
ices	冰
icing	冰
idea	主意
ideal	理想
ideally	完美地
ideals	理想
ideas	主意
identification	识别
identifications	识别
identified	识别
identifies	识别
identify	识别
identifying	识别
identities	身份
identity	身份
idiom	习语
idioms	习语
ie	中断启动
ies	中断启动
if	如果
ignore	不理睬
ignored	不理睬
ignores	不理睬
ignoring	不理睬
ii	abbr.微光
iii	罗马数字3
ill	疾病
illegal	违法的
illegally	非法地
illegals	违法的
illness	疾病
illnesses	疾病
ills	疾病
illustrate	举例说明
illustrated	举例说明
illustrates	举例说明
illustrating	举例说明
image	影像
imaged	影像
images	影像
imaginary	想像的
imagination	想像
imaginations	想像
imagine	想像
imagined	想像
imagines	想像
imaging	影像
imagining	想像
immediate	立即的
immediately	直接地
immigrant	移民
immigrants	移民
immigration	移民
immoral	不道德的
impact	冲击
impacted	冲击
impacting	冲击
impacts	冲击
impatient	不耐烦的
impatiently	不耐烦
implement	工具
implemented	工具
implementing	工具
implements	工具
implication	牵连
implications	牵连
implied	暗示
implies	暗示
imply	暗示
implying	暗示
import	进口货
importance	重要
important	重要的
importantly	重要地
imported	进口货
importing	进口货
imports	进口货
impose	征
imposed	征
imposes	征
imposing	征
impossible	不可能的
impress	印象
impressed	外加的
impresses	印象
impressing	印象
impression	印象
impressions	印象
impressive	给人深刻印象的
improve	改良
improved	改良
improvement	进步
improvements	进步
improves	改良
improving	改良
in	在...期间
inabilities	无能
inability	无能
inc	根据法律组成的公司
inch	英寸
inched	英寸
inches	英寸
inching	英寸
incident	事件
incidents	事件
include	包括
included	包括
includes	包括
including	包含
income	收入
incomes	收入
incorporate	合并的
incorporated	合并的
incorporates	合并的
incorporating	合并的
incorrect	不正确的
incorrects	不正确的
increase	增加
increased	增强的
increases	增加
increasing	递增
increasingly	逐渐地
indeed	的确
independence	独立
independent	独立自主者
independently	独立地
independents	独立自主者
index	索引
indexed	索引
indexes	索引
indexing	索引
india	印度
indian	印度人
indians	印度人
indicate	显示
indicated	显示
indicates	显示
indicating	显示
indication	指示
indications	指示
indices	索引
indirect	间接的
indirectly	间接
individual	人
individuals	人
indoor	户内的
indoors	在户内
industrial	工业的
industries	勤劳
industry	勤劳
inevitable	不可避免的
inevitably	不可避免地
infect	传染
infected	被感染的
infecting	传染
infection	传染
infections	传染
infectious	有传染性的
infects	传染
inflation	胀大
inflations	胀大
influence	影响力
influenced	影响力
influences	影响力
influencing	影响力
inform	通知
informal	非正式的
informals	非正式的
information	消息
informed	通知
informing	通知
informs	通知
ingredient	成分
ingredients	成分
initial	字首
initialled	字首
initialling	字首
initially	最初
initials	字首
initiative	主动行动
initiatives	主动行动
injure	伤害
injured	受伤的
injures	伤害
injuries	伤害
injuring	伤害
injury	伤害
ink	墨水
inked	墨水
inking	墨水
inks	墨水
inland	内陆的
inn	旅馆
inner	内部的
innocent	无罪的
innocents	无罪的
inns	旅馆
input	输入
inputs	输入
inputted	输入
inputting	输入
inquiries	质询
inquiry	质询
insect	昆虫
insects	昆虫
insert	插入物
inserted	插入物
inserting	插入物
inserts	插入物
inside	内部
insides	内部
insist	坚持
insisted	坚持
insisting	坚持
insists	坚持
inspect	检查
inspected	检查
inspecting	检查
inspector	检查员
inspectors	检查员
inspects	检查
inspire	使感动
inspired	使感动
inspires	使感动
inspiring	使感动
install	安装
installed	安装
installing	安装
installs	安装
instals	安装
instance	建议
instanced	建议
instances	建议
instancing	建议
instant	立即
instants	立即
instead	作为替代
institute	学会
instituted	学会
institutes	学会
instituting	学会
institution	机构
institutions	机构
instruct	教
instructed	教
instructing	教
instruction	指令
instructions	指令
instructs	教
instrument	工具
instruments	工具
insult	侮辱
insulted	侮辱
insulting	侮辱的
insults	侮辱
insurance	保险
insurances	保险
insure	保险
insured	保险
insures	保险
insuring	保险
intelligence	智力
intelligences	智力
intelligent	聪明的
intend	计划
intended	有意的
intending	计划
intends	计划
intense	非常的
intention	意图
intentions	意图
interaction	交互作用
interactions	交互作用
interest	兴趣
interested	感兴趣的
interesting	有趣的
interests	兴趣
interior	内部
interiors	内部
internal	内在的
internals	内在的
international	国际的
internationals	国际的
internet	因特网
interpret	解释
interpretation	解释
interpretations	解释
interpreted	解释
interpreter	直译程序
interpreters	直译程序
interpreting	解释
interprets	解释
interrupt	中断
interrupted	中断
interrupting	中断
interruption	打扰
interruptions	打扰
interrupts	中断
interval	间隔
intervals	间隔
intervention	插入
interventions	插入
interview	面谈
interviewed	面谈
interviewing	面谈
interviews	面谈
into	进入...之内
introduce	介绍
introduced	介绍
introduces	介绍
introducing	介绍
introduction	介绍
introductions	介绍
invent	发明
invented	发明
inventing	发明
invention	发明
inventions	发明
inventor	发明家
inventors	发明家
invents	发明
invest	投资
invested	投资
investigate	调查
investigated	调查
investigates	调查
investigating	调查
investigation	调查
investigations	调查
investigator	调查者
investigators	调查者
investing	投资
investment	投资
investments	投资
investor	投资者
investors	投资者
invests	投资
invitation	邀请
invitations	邀请
invite	邀请
invited	邀请
invites	邀请
inviting	邀请
involve	包括
involved	难懂的
involvement	卷入
involvements	卷入
involves	包括
involving	包括
iraq	伊拉克
iraqi	伊拉克人
iraqis	伊拉克人
ireland	爱尔兰
irish	爱尔兰人
iron	铁
ironed	铁
ironing	铁
irons	铁
irrigate	灌溉
irrigated	灌溉
irrigates	灌溉
irrigating	灌溉
irrigation	灌溉
irrigations	灌溉
irritate	激怒
irritated	被激怒的
irritates	激怒
irritating	刺激的
is	是
islamic	伊斯兰教的
island	岛
islands	岛
israel	以色列
israeli	以色列的
israelis	以色列的
issue	发行
issued	发行
issues	发行
issuing	发行
it	它
italian	意大利人
italians	意大利人
italy	意大利
item	项目
items	项目
its	它的
itself	它本身
j	字母j
jack	插座
jacked	插座
jacket	夹克
jacketed	夹克
jacketing	夹克
jackets	夹克
jacking	插座
jacks	插座
jail	监牢
jailed	监牢
jailing	监牢
jails	监牢
jam	果酱
james	詹姆斯
jammed	果酱
jamming	果酱
jams	果酱
jan	一月
jane	简
january	一月
japan	日本
japanese	日本人
japanned	日本
japanning	日本
japans	日本
jar	广口瓶
jarred	广口瓶
jarring	广口瓶
jars	广口瓶
jaw	颚
jawed	颚
jawing	颚
jaws	颚
jazz	爵士乐
jazzed	爵士乐
jazzes	爵士乐
jazzing	爵士乐
jealous	嫉妒的
jeans	工装裤
jeep	吉普车
jeeps	吉普车
jellied	果冻
jellies	果冻
jelly	果冻
jellying	果冻
jellys	果冻
jesus	耶稣
jet	喷射流
jets	喷射流
jetted	喷射流
jetting	喷射流
jew	犹太人
jewel	珠宝
jewelled	珠宝
jewellery	宝石
jewelling	珠宝
jewelry	珠宝
jewels	珠宝
jewish	犹太人的
jews	犹太人
jim	吉姆
job	工作
jobbed	工作
jobbing	工作
jobs	工作
joe	乔
jog	轻推
jogged	轻推
jogging	轻推
jogs	轻推
john	盥洗室
johnson	约翰逊
join	参加
joined	参加
joining	参加
joins	参加
joint	连接处
jointed	连接处
jointing	连接处
jointly	共同地
joints	连接处
joke	笑话
joked	笑话
jokes	笑话
joking	笑话
jones	琼斯
journal	日记
journalist	新闻记者
journalists	新闻记者
journals	日记
journey	旅程
journeyed	旅程
journeying	旅程
journeys	旅程
joy	欢喜
joyed	欢喜
joying	欢喜
joys	欢喜
judge	法官
judged	法官
judgement	审判
judgements	审判
judges	法官
judging	法官
judgment	裁判
judgments	裁判
juice	汁
juices	汁
juicier	多汁液的
juiciest	多汁液的
juicy	多汁液的
july	七月
jump	跳跃
jumped	跳跃
jumping	跳跃
jumps	跳跃
june	六月
jungle	丛林
jungles	丛林
junior	年少者
juniors	年少者
junk	垃圾
junked	垃圾
junker	垃圾
junking	垃圾
junks	垃圾
juries	陪审团
jury	陪审团
just	正直的
justice	正义
justices	正义
justified	有道理的
justifies	替...辩护
justify	替...辩护
justifying	替...辩护
k	键
kangaroo	袋鼠
kangaroos	袋鼠
keen	锋利的
keened	锋利的
keener	锋利的
keenest	锋利的
keening	锋利的
keens	锋利的
keep	生计
keeper	监护人
keepers	监护人
keeping	生计
keeps	生计
kept	生计
kettle	茶壶
kettled	茶壶
kettles	茶壶
key	钥匙
keyboard	键盘
keyboarded	键盘
keyboarding	键盘
keyboards	键盘
keyed	钥匙
keying	钥匙
keys	钥匙
kick	踢
kicked	踢
kicking	踢
kicks	踢
kid	小山羊
kidded	小山羊
kidding	小山羊
kids	小山羊
kill	杀
killed	杀
killer	删除程序
killers	删除程序
killing	谋杀
killings	谋杀
kills	杀
kilo	千
kilogram	千克
kilograms	千克
kilometre	公里
kilometres	公里
kilos	千
kind	种类
kinder	种类
kindergarten	幼稚园
kindergartens	幼稚园
kindest	种类
kindlier	和蔼的
kindly	和蔼的
kindness	仁慈
kindnesses	仁慈
kinds	种类
king	国王
kingdom	王国
kingdoms	王国
kings	国王
kiss	吻
kissed	吻
kisses	吻
kissing	吻
kitchen	厨房
kitchens	厨房
kite	风筝
kited	风筝
kites	风筝
kiting	风筝
km	千米
kms	千米
knee	膝
kneeing	膝
knees	膝
knew	知道
knife	小刀
knifed	小刀
knifes	小刀
knifing	小刀
knit	编织
knits	编织
knitted	knit的过去式和过去分词
knitteds	knit的过去式和过去分词
knitting	编结
knives	小刀
knock	敲
knocked	敲
knocking	敲
knocks	敲
knot	结
knots	结
knotted	结
knotting	结
know	知道
knowing	知道
knowledge	知识
knowledges	知识
known	知道
knows	知道
lab	实验室
label	标签
labeled	标签
labelled	标签
labelling	标签
labels	标签
labor	劳动
laboratories	实验室
laboratory	实验室
labored	劳动
laboring	劳动
labors	劳动
labour	劳动
laboured	劳动
labourer	劳动者
labourers	劳动者
labouring	劳动
labours	劳动
labs	实验室
lack	缺乏
lacked	缺乏
lacking	缺乏的
lackings	缺乏的
lacks	缺乏
lad	青年
ladder	梯
laddered	梯
laddering	梯
ladders	梯
laden	负荷
ladies	淑女
lads	青年
lady	淑女
laid	放置
lain	谎言
lake	湖
lakes	湖
lamb	小羊
lambed	小羊
lambing	小羊
lambs	小羊
lame	跛足的
lamed	跛足的
lamer	跛足的
lames	跛足的
lamest	跛足的
laming	跛足的
lamp	灯
lamps	灯
land	陆地
landed	陆地
landing	陆地
landlord	房东
landlords	房东
lands	陆地
landscape	风景
landscaped	风景
landscapes	风景
landscaping	风景
lane	小路
lanes	小路
language	语言
languages	语言
lantern	灯笼
lanterns	灯笼
lap	膝盖
lapped	膝盖
lapping	膝盖
laps	膝盖
large	大的
largely	大量地
larger	大的
largest	大的
laser	激光
lasered	激光
lasering	激光
lasers	激光
last	最后的
lasted	最后的
lasting	最后的
lasts	最后的
late	迟的
latelier	近来
lately	近来
later	以后
latest	最近的
latin	拉丁人
latins	拉丁人
latter	后者的
laugh	笑
laughed	笑
laughing	笑
laughs	笑
laughter	笑
launch	下水
launched	下水
launches	下水
launching	下水
laundries	洗衣店
laundry	洗衣店
lavatories	洗脸盆
lavatory	洗脸盆
law	法律
laws	法律
lawsuit	诉讼
lawsuits	诉讼
lawyer	律师
lawyers	律师
lay	放置
layer	层
layered	层
layering	层
layers	层
laying	放置
lays	放置
lazier	懒惰的
laziest	懒惰的
lazy	懒惰的
lead	铅
leader	领导者
leaders	领导者
leadership	领导能力
leaderships	领导能力
leading	领导
leads	铅
leaf	叶
leafed	叶
leafing	叶
leafs	叶
league	同盟
leagued	同盟
leagues	同盟
leaguing	同盟
leak	漏洞
leaked	漏洞
leaking	漏洞
leaks	漏洞
lean	瘦肉
leaned	瘦肉
leaner	瘦肉
leaning	瘦肉
leans	瘦肉
leant	瘦肉
learn	学习
learned	有学问的
learning	学问
learns	学习
learnt	学习
least	最少
leather	皮革
leathered	皮革
leathering	皮革
leathers	皮革
leave	许可
leaves	许可
leaving	许可
lecture	演讲
lectured	演讲
lectures	演讲
lecturing	演讲
led	铅
lee	背风处
leeds	利兹市
lees	背风处
left	左边的
leftover	剩货
leftovers	剩货
leg	腿
legal	法律的
legally	法律上
legislation	立法
legislations	立法
legs	腿
lemon	柠檬
lemonade	柠檬水
lemonades	柠檬水
lemons	柠檬
lend	借
lending	借
lends	借
length	长度
lengths	长度
lent	借
less	较少
lesson	课
lessons	课
let	让
lets	让
letter	信
lettered	信
lettering	信
letters	信
letting	让
level	水平
levelled	水平
levelling	水平
levels	水平
lewis	吊楔
liabilities	责任
liability	责任
liberal	自由主义者
liberals	自由主义者
liberate	解放
liberated	解放
liberates	解放
liberating	解放
liberation	释放
liberties	自由
liberty	自由
libertys	自由
librarian	图书馆员
librarians	图书馆员
libraries	图书馆
library	图书馆
licence	执照
licenced	执照
licences	执照
licencing	执照
license	执照
licensed	执照
licenses	执照
licensing	执照
lid	盖子
lidded	盖子
lids	盖子
lie	谎言
lied	谎言
lies	谎言
life	生活
lifespan	预期生命期限
lifespans	预期生命期限
lifetime	一生
lifetimes	一生
lift	举起
lifted	举起
lifting	举起
lifts	举起
light	光
lighter	光
lightest	光
lighting	光
lightly	轻轻地
lightning	闪电
lightnings	闪电
lights	光
like	相似的
liked	相似的
likeliest	有可能的
likely	有可能的
likes	相似的
liking	相似的
limit	界限
limited	有限制的
limiting	界限
limits	界限
line	列
lined	列
lines	列
lining	列
link	环
linked	环
linking	环
links	环
lion	狮子
lions	狮子
lip	唇
lipped	唇
lips	唇
liquid	液体
liquids	液体
list	目录
listed	目录
listen	听
listened	听
listening	听
listens	听
listing	目录
lists	目录
lit	光
literally	逐字地
literary	文学的
literature	文学
literatures	文学
litre	升
litres	升
litter	垃圾
littered	垃圾
littering	垃圾
litters	垃圾
little	一点点
live	活的
lived	活的
livelier	活泼的
liveliest	活泼的
lively	活泼的
liverpool	利物浦
lives	生活
living	生活
livings	生活
load	负荷
loaded	负荷
loading	负荷
loads	负荷
loaf	一条面包
loafed	一条面包
loafing	一条面包
loafs	一条面包
loan	贷款
loaned	贷款
loaning	贷款
loans	贷款
loaves	一条面包
local	地方性的
locally	地方性地
locals	地方性的
locate	找出
located	处于
locates	找出
locating	找出
location	位置
locations	位置
lock	锁
locked	锁
locking	锁
locks	锁
locust	蝗虫
locusts	蝗虫
logic	逻辑
logical	合乎逻辑的
logicals	合乎逻辑的
logics	逻辑
london	伦敦
lonelier	孤单的
loneliest	孤单的
lonely	孤单的
long	长的
longed	长的
longer	比较久
longest	长的
longing	长的
longs	长的
look	一看
looked	一看
looking	一看
looks	一看
loose	发射
loosed	发射
loosely	松弛地
looses	发射
loosing	发射
lord	统治者
lorded	统治者
lording	统治者
lords	统治者
lorries	卡车
lorry	卡车
lose	遗失
loses	遗失
losing	遗失
loss	损失
losses	损失
lost	失去的
lot	运气
lots	大量
lotted	运气
lotting	运气
loud	大声的
louder	大声的
loudest	大声的
loudly	高声地
loudspeaker	扩音器
loudspeakered	扩音器
loudspeakering	扩音器
loudspeakers	扩音器
lounge	闲逛
lounged	闲逛
lounges	闲逛
lounging	闲逛
love	爱
loved	爱
lovelier	可爱的
lovelies	可爱的
loveliest	可爱的
lovely	可爱的
lover	爱人
lovers	爱人
loves	爱
loving	爱
low	低点
lowed	低点
lower	低的
lowered	低的
lowering	低的
lowers	低的
lowest	低点
lowing	低点
lows	低点
loyal	忠诚的
ltd	有限的
luck	运气
luckier	幸运的
luckiest	幸运的
lucky	幸运的
luggage	行李
luggaged	行李
luke	卢克
lump	块
lumped	块
lumping	块
lumps	块
lunch	午餐
lunched	午餐
lunches	午餐
lunching	午餐
lung	肺
lunging	肺
lungs	肺
lying	谎言
machine	机器
machined	机器
machineries	机器
machinery	机器
machines	机器
machining	机器
mad	疯狂的
madam	女士
madame	夫人
madames	夫人
madams	女士
madder	疯狂的
maddest	疯狂的
made	制造
mads	疯狂的
magazine	杂志
magazines	杂志
magic	魔术
magics	魔术
maid	少女
maids	少女
mail	邮件
mailbox	邮筒
mailboxes	邮筒
mailed	邮件
mailing	邮件
mails	邮件
main	主要部分
mainland	大陆
mainly	主要地
maintain	维持
maintained	维持
maintaining	维持
maintains	维持
maintenance	维护
major	主修课
majored	主修课
majoring	主修课
majorities	多数
majority	多数
majors	主修课
make	制造
maker	制造者
makers	制造者
makes	制造
making	制造
male	男人
males	男人
mall	林荫路
malling	林荫路
malls	林荫路
man	男人
manage	处理
managed	处理
management	经营
managements	经营
manager	经理
managers	经理
manages	处理
managing	处理
manchester	曼彻斯特
mankind	人类
manned	男人
manner	样子
manners	样子
manning	男人
mans	男人
manufacture	产品
manufactured	产品
manufacturer	制造业者
manufacturers	制造业者
manufactures	产品
manufacturing	制造业
many	多数
map	地图
maple	枫
maples	枫
mapped	地图
mapping	地图
maps	地图
marathon	马拉松
marathons	马拉松
marble	大理石
marbled	大理石
marbles	大理石
marbling	大理石
march	三月
marched	三月
marches	三月
marching	三月
margaret	玛格利特
mark	标志
marked	标志
market	市场
marketed	市场
marketing	行销
markets	市场
marking	标志
marks	标志
marriage	婚姻
marriages	婚姻
married	已婚的
marries	与...结婚
marry	与...结婚
marrying	与...结婚
martin	马丁
martins	马丁
mary	玛丽
mask	面具
masked	面具
masking	面具
masks	面具
mass	块
massed	块
masses	块
massing	块
massive	大而重的
master	主人
mastered	主人
mastering	主人
masters	主人
mat	垫
match	比赛
matched	比赛
matches	比赛
matching	相同的
matchings	相同的
mate	配偶
mated	配偶
material	材料
materials	材料
mates	配偶
math	数学
mathematics	数学
mating	配偶
mats	垫
matted	垫
matter	事件
mattered	事件
matters	事件
matting	垫
mature	成熟的
matured	成熟的
maturer	成熟的
matures	成熟的
maturing	成熟的
maxima	极点
maximum	极点
maximums	极点
may	五月
maybe	也许
mayor	市长
mayors	市长
me	我
meal	一餐
meals	一餐
mean	低劣的
meaning	意义
meanings	意义
means	方法
meant	低劣的
meanwhile	其时
measure	尺寸
measured	尺寸
measurement	尺寸
measurements	尺寸
measures	尺寸
measuring	尺寸
meat	肉
meats	肉
mechanism	机械
mechanisms	机械
medal	奖牌
medals	奖牌
media	媒体
medical	医生
medicals	医生
medicine	药
medicines	药
medium	媒体
mediums	媒体
meet	会
meeting	会议
meetings	会议
meets	会
melon	瓜
melons	瓜
melt	熔化
melted	熔化
melting	熔化
melts	熔化
member	成员
members	成员
membership	会员的资格
memberships	会员的资格
memorial	纪念物
memorials	纪念物
memories	记忆
memorize	记住
memorized	记住
memorizes	记住
memorizing	记住
memory	记忆
men	男人
mend	改进
mended	改进
mending	改进
mends	改进
mental	心智的
mentally	心理上
mention	提到
mentioned	提到
mentioning	提到
mentions	提到
menu	菜单
menus	菜单
merchant	商人
merchanting	商人
merchants	商人
mercies	仁慈
merciful	仁慈的
mercy	仁慈
mere	小湖
merely	只
meres	小湖
merest	小湖
merrier	快乐的
merriest	快乐的
merry	快乐的
mes	我
mess	食堂
message	消息
messaged	消息
messages	消息
messaging	消息
messed	食堂
messes	食堂
messier	散乱的
messing	食堂
messy	散乱的
met	会
metal	金属
metaled	金属
metaling	金属
metals	金属
method	方法
methods	方法
metre	公尺
metres	公尺
mexican	墨西哥人
mexicans	墨西哥人
mexico	墨西哥
mg	微粒剂
mgs	微粒剂
mice	老鼠
michael	迈克尔
microcomputer	微电脑
microcomputers	微电脑
microscope	显微镜
microscopes	显微镜
microscoping	显微镜
microwave	微波
microwaved	微波
microwaves	微波
microwaving	微波
midday	正午
middle	中央
middled	中央
middles	中央
middling	中央
midnight	午夜
midnights	午夜
might	力量
mike	偷懒
mikes	偷懒
mild	温和的
milder	温和的
mildest	温和的
milds	温和的
mile	英里
miles	英里
military	军队
milk	奶
milked	奶
milking	奶
milks	奶
mill	压榨机
milled	压榨机
milligram	毫克
milligrams	毫克
millimetre	毫米
millimetres	毫米
milling	压榨机
million	百万
millionaire	百万富翁
millionaires	百万富翁
mills	压榨机
mind	思想
minded	思想
minding	思想
minds	思想
mine	矿
mined	矿
mineral	矿物
minerals	矿物
mines	矿
minibus	中客车
minima	最小的
minimum	最小的
mining	矿
miniskirt	超短裙
miniskirts	超短裙
minister	部长
ministered	部长
ministering	部长
ministers	部长
ministries	部
ministry	部
minor	未成年人
minorities	少数
minority	少数
minors	未成年人
minus	负号
minuses	负号
minute	分
minutes	分
mirror	镜子
mirrored	镜子
mirroring	镜子
mirrors	镜子
miss	失误
missed	失误
misses	失误
missile	发射物
missiles	发射物
missing	不见的
mission	任务
missions	任务
mist	雾
mistake	错误
mistaken	犯错的
mistakes	错误
mistaking	错误
misted	雾
misting	雾
mistook	错误
mists	雾
misunderstand	误解
misunderstanding	误解
misunderstands	误解
misunderstood	误解
mix	混合物
mixed	混合的
mixes	混合物
mixing	混合物
mixture	混合
mixtures	混合
mm	毫米
mobile	移动的
mobiles	移动的
mode	模态
model	模型
modelled	模型
modelling	模型
models	模型
modem	调制解调器
modems	调制解调器
modern	现代人
moderns	现代人
modes	模态
modest	谦逊的
module	组件
modules	组件
molten	熔化
mom	妈妈
moment	片刻
moments	片刻
moms	妈妈
monday	星期一
mondays	星期一
money	金钱
moneys	金钱
monitor	监督器
monitored	监督器
monitoring	监督器
monitors	监督器
monkey	猴子
monkeyed	猴子
monkeying	猴子
monkeys	猴子
month	月
months	月
monument	纪念碑
monuments	纪念碑
mood	心情
moods	心情
moon	月亮
mooned	月亮
mooning	月亮
moons	月亮
mop	拖把
mopped	拖把
mopping	拖把
mops	拖把
moral	道德
morally	道德上
morals	道德
more	更多
moreover	而且
morning	早晨
mornings	早晨
mortgage	抵押
mortgaged	抵押
mortgages	抵押
mortgaging	抵押
moscow	莫斯科
moslem	穆斯林
moslems	穆斯林
mosquito	蚊子
mosquitos	蚊子
most	最多
mostly	大概
mother	母亲
mothered	母亲
mothering	母亲
motherland	祖国
motherlands	祖国
mothers	母亲
motion	移动
motioned	移动
motioning	移动
motions	移动
motivation	动机
motivations	动机
motor	马达
motorbike	机动脚踏两用车
motorbikes	机动脚踏两用车
motorbiking	机动脚踏两用车
motorcycle	摩托车
motorcycled	摩托车
motorcycles	摩托车
motorcycling	摩托车
motored	马达
motoring	马达
motors	马达
motto	箴言
mottos	箴言
mount	乘骑用马
mountain	山
mountainous	多山的
mountains	山
mounted	乘骑用马
mounting	乘骑用马
mounts	乘骑用马
mourn	哀悼
mourned	哀悼
mourning	哀悼
mourns	哀悼
mouse	老鼠
moused	老鼠
mouses	老鼠
mousing	老鼠
moustache	髭
moustaches	髭
mouth	嘴
mouthed	嘴
mouthful	一口
mouthfuls	一口
mouthing	嘴
mouths	嘴
move	移动
moved	移动
movement	运动
movements	运动
moves	移动
movie	电影
movies	电影
moving	动人的
mp	国会议员
mps	国会议员
mr	先生
mrs	太太
ms	美国微软公司
much	大量
mud	泥
mudded	泥
muddied	泥泞的
muddier	泥泞的
muddies	泥泞的
muddiest	泥泞的
mudding	泥
muddy	泥泞的
muddying	泥泞的
muds	泥
multiple	倍数
multiples	倍数
multiplied	繁殖
multiplies	繁殖
multiply	繁殖
multiplying	繁殖
mum	菊花
mums	菊花
murder	谋杀
murdered	谋杀
murdering	谋杀
murders	谋杀
muscle	肌肉
muscled	肌肉
muscles	肌肉
muscling	肌肉
museum	博物馆
museums	博物馆
mushroom	蘑菇形物
mushroomed	蘑菇形物
mushrooming	蘑菇形物
mushrooms	蘑菇形物
music	音乐
musical	音乐片
musicals	音乐片
musician	音乐家
musicians	音乐家
musics	音乐
muslim	伊斯兰教
muslims	伊斯兰教
must	必须
mustard	芥末
mustarded	芥末
mustards	芥末
mutton	羊肉
muttons	羊肉
my	我的
myself	我自己
mysteries	秘密
mysterious	神秘的
mystery	秘密
nail	钉子
nailed	钉子
nailing	钉子
nails	钉子
naked	裸体的
name	名字
named	名字
names	名字
naming	名字
narrow	狭窄部分
narrowed	狭窄部分
narrower	狭窄部分
narrowest	狭窄部分
narrowing	狭窄部分
narrows	狭窄部分
nation	国家
national	国家的
nationalities	国籍
nationality	国籍
nationals	国家的
nations	国家
nationwide	全国性的
native	本地人
natives	本地人
natural	白痴
naturally	自然地
nature	自然
natures	自然
navies	海军
navy	海军
near	近的
nearby	附近的
neared	近的
nearer	近的
nearest	近的
nearing	近的
nearly	几乎
nears	近的
neat	整洁的
neater	整洁的
neatest	整洁的
neatly	整洁地
necessaries	必要的
necessarily	必然地
necessary	必要的
neck	脖子
necked	脖子
necking	脖子
necklace	项链
necklaced	项链
necklaces	项链
necklacing	项链
necks	脖子
necktie	领带
need	需要
needed	需要
needing	需要
needle	针
needled	针
needles	针
needling	针
needs	需要
negative	否定
negatived	否定
negatives	否定
negativing	否定
negotiate	商议
negotiated	商议
negotiates	商议
negotiating	商议
negotiation	谈判
negotiations	谈判
neighbor	邻居
neighbored	邻居
neighborhood	附近
neighborhoods	附近
neighboring	邻居
neighbors	邻居
neighbour	邻居
neighboured	邻居
neighbourhood	邻接
neighbourhoods	邻接
neighbouring	邻居
neighbours	邻居
neither	皆不
nephew	侄子
nephews	侄子
nerve	精神
nerved	精神
nerves	精神
nerving	精神
nervous	神经紧张的
nervously	焦急地
nest	巢
nested	巢
nesting	巢
nests	巢
net	网
nets	网
netted	网
netting	网
network	网络
networked	网络
networking	网络
networks	网络
never	从不
nevertheless	然而
new	新的
newer	新的
newest	新的
newly	重新
news	新闻
newspaper	报纸
newspapers	报纸
next	下一个
nice	美好的
nicely	漂亮地
nicer	美好的
nicest	美好的
niece	侄女
nieces	侄女
nigel	奈杰尔
night	夜
nights	夜
nine	九
nineteen	十九
nineteenth	第十九
ninety	九十
ninth	第九
no	不
noble	贵族
nobles	贵族
nobodies	小人物
nobody	小人物
nod	点头
nodded	点头
nodding	点头
nods	点头
noise	噪音
noised	噪音
noises	噪音
noisier	嘈杂的
noisiest	嘈杂的
noisily	吵闹地
noising	噪音
noisy	嘈杂的
none	一点也不
nonsense	无意义的事
nonsenses	无意义的事
noodle	面条
noodled	面条
noodles	面条
noodling	面条
noon	正午
noons	正午
nor	也不
normal	常态
normally	正规地
normals	常态
north	北方
northeast	东北
northern	北方人
northwards	向北方
northwest	西北
nose	鼻子
nosed	鼻子
noses	鼻子
nosing	鼻子
not	不
note	笔记
notebook	笔记本
notebooks	笔记本
noted	笔记
notes	笔记
nothing	无
notice	注意
noticeable	显而易见的
noticed	注意
notices	注意
noticing	注意
noting	笔记
notion	概念
notions	概念
nov	abbr.十一月
novel	小说
novelist	小说家
novelists	小说家
novels	小说
november	十一月
now	现在
nowadays	现在
nowhere	无处
nuclear	核子的
numb	麻木的
numbed	麻木的
number	数
numbered	数
numbering	数
numbers	数
numbing	麻木的
numbs	数
numerous	很多的
nurse	护士
nursed	护士
nurseries	托儿所
nursery	托儿所
nurses	护士
nursing	看护
nut	坚果
nutrition	营养
nuts	坚果
nutted	坚果
nutting	坚果
nylon	尼龙
nylons	尼龙
obey	服从
obeyed	服从
obeying	服从
obeys	服从
object	物体
objected	物体
objecting	物体
objective	目的
objectives	目的
objects	物体
obligation	义务
obligations	义务
observation	观察
observations	观察
observe	觉察到
observed	觉察到
observer	观察者
observers	观察者
observes	觉察到
observing	觉察到
obtain	获得
obtained	获得
obtaining	获得
obtains	获得
obvious	明显的
obviously	显而易见地
occasion	场合
occasionally	有时候
occasioned	场合
occasioning	场合
occasions	场合
occupation	职业
occupations	职业
occupied	已占用的
occupies	占领
occupy	占领
occupying	占领
occur	发生
occurred	发生
occurring	发生
occurs	发生
ocean	海洋
oceania	大洋洲
oceans	海洋
oct	abbr.十月
october	十月
odd	奇数的
oddly	奇怪地
of	的
off	关着的
offed	关着的
offence	犯罪
offences	犯罪
offend	犯罪
offended	犯罪
offending	犯罪
offends	犯罪
offensive	令人不快的
offensives	令人不快的
offer	给予
offered	给予
offering	给予
offers	给予
office	办公室
officer	军官
officered	军官
officering	军官
officers	军官
offices	办公室
official	官员
officially	作为公务员
officials	官员
offing	关着的
offs	关着的
offshore	海面的
often	时常
oil	油
oiled	油
oilfield	油田
oilfields	油田
oiling	油
oils	油
ok	好
okay	好
okayed	好
okaying	好
okays	好
old	以前
older	以前
oldest	以前
olds	以前
olympic	奥林匹亚的
olympics	奥林匹亚的
omelette	煎蛋卷
omelettes	煎蛋卷
on	在...之上
once	一次
one	一
ones	一
oneself	自己
onion	洋葱
onions	洋葱
online	联机
only	唯一的
onto	在...之上
ontos	在...之上
open	公开
opened	公开
opener	开...的人
openers	开...的人
opening	开始
openings	开始
openly	公开地
opens	公开
opera	歌剧
operas	歌剧
operate	操作
operated	操作
operates	操作
operating	操作的
operation	操作
operations	操作
operator	操作员
operators	操作员
opinion	意见
opinions	意见
opponent	对手
opponents	对手
opportunities	机会
opportunity	机会
oppose	反对
opposed	反对
opposes	反对
opposing	对面的
opposite	相对的
opposites	相对的
opposition	反对
oppositions	反对
optimistic	乐观的
option	选择权
optional	可选择的
options	选择权
or	或
oral	口试
orals	口试
orange	柑橘
oranges	柑橘
orbit	轨道
orbited	轨道
orbiting	轨道
orbits	轨道
order	次序
ordered	次序
ordering	次序
orders	次序
ordinaries	平常的
ordinary	平常的
organ	风琴
organisation	组织
organisations	组织
organise	组织
organised	组织
organiser	组织者
organisers	组织者
organises	组织
organising	组织
organization	组织
organizations	组织
organize	组织
organized	有组织的
organizes	组织
organizing	组织
organs	风琴
origin	起源
original	最初的
originally	本来
originals	最初的
origins	起源
other	其他的
others	其他人
otherwise	否则
ottawa	渥太华
ouch	哎唷
ouches	哎唷
ought	应该
our	我们的
ours	我们的
ourselves	我们自己
out	外面的
outcome	结果
outcomes	结果
outdoor	户外的
outdoors	户外
outed	外面的
outer	外部的
outers	外部的
outgoing	外出
outgoings	外出
outing	郊游
outings	郊游
outline	大纲
outlined	大纲
outlines	大纲
outlining	大纲
output	输出
outputs	输出
outputting	输出
outs	外面的
outside	外面
outspoken	直言无讳的
outstanding	杰出的
outward	向外的
oval	椭圆形
ovals	椭圆形
oven	烤箱
ovens	烤箱
over	结束
overall	全部的
overalls	全部的
overcame	战胜
overcoat	外套大衣
overcoated	外套大衣
overcoats	外套大衣
overcome	战胜
overcomes	战胜
overcoming	战胜
overhead	经常开支
overheads	经常开支
overlook	俯瞰
overlooked	俯瞰
overlooking	俯瞰
overlooks	俯瞰
overs	结束
overweight	超过重量
overweighted	超过重量
overweights	超过重量
owe	亏欠
owed	亏欠
owes	亏欠
owing	亏欠
own	自己的
owned	自己的
owner	拥有者
owners	拥有者
ownership	所有权
ownerships	所有权
owning	自己的
owns	自己的
ox	牛
oxen	牛
oxer	牛
oxes	牛
oxford	牛津
oxygen	氧
oxygens	氧
p	便士
pace	速度
paced	速度
paces	速度
pacific	太平洋
pacing	速度
pack	包裹
package	包裹
packaged	包裹
packages	包裹
packaging	包装
packed	包裹
packet	小包
packets	小包
packing	包裹
packs	包裹
paddle	桨
paddled	桨
paddles	桨
paddling	桨
page	页
paged	页
pages	页
paging	页
paid	薪资
pain	痛苦
pained	痛苦
painful	痛苦的
paining	痛苦
pains	痛苦
paint	油漆
painted	油漆
painter	画家
painters	画家
painting	画
paintings	画
paints	油漆
pair	一双
paired	一双
pairing	一双
pairs	一双
palace	宫
palaces	宫
pale	栅栏
paled	栅栏
paler	栅栏
pales	栅栏
palest	栅栏
palestinian	巴勒斯坦的
palestinians	巴勒斯坦的
paling	栅栏
pan	平锅
pancake	薄烤饼
pancaked	薄烤饼
pancakes	薄烤饼
panda	大熊猫
pandas	大熊猫
panel	嵌板
panelled	嵌板
panelling	嵌板
panels	嵌板
panic	恐慌
panicked	恐慌
panicking	恐慌
panics	恐慌
panned	平锅
panning	平锅
pans	平锅
pants	裤子
paper	纸
papered	纸
papering	纸
papers	纸
paperwork	文书工作
paperworks	文书工作
paragraph	段落
paragraphed	段落
paragraphing	段落
paragraphs	段落
parallel	平行
paralleling	平行
parallelled	平行
parallelling	平行
parallels	平行
parcel	包裹
parcelled	包裹
parcelling	包裹
parcels	包裹
pardon	原谅
pardoned	原谅
pardoning	原谅
pardons	原谅
parent	父母
parents	父母
paris	巴黎
parish	教区
parishes	教区
park	公园
parked	公园
parking	停车
parks	公园
parliament	国会
parliamentary	国会的
parliaments	国会
parrot	鹦鹉
parroted	鹦鹉
parroting	鹦鹉
parrots	鹦鹉
part	部分
parted	部分
participant	参加者
participants	参加者
participate	参加
participated	参加
participates	参加
participating	参加
participation	参与
participations	参与
particular	一项
particularly	特别
partied	宴会
parties	宴会
parting	部分
partly	部分地
partner	合伙人
partnered	合伙人
partnering	合伙人
partners	合伙人
partnership	合伙
partnerships	合伙
parts	部分
party	宴会
partying	宴会
pass	经过
passage	通道
passages	通道
passed	经过
passenger	乘客
passengers	乘客
passes	经过
passing	通过
passion	激情
passions	激情
passive	消极的
passives	消极的
passport	护照
passports	护照
past	过去
patent	专利权
patented	专利权
patenting	专利权
patents	专利权
path	路径
paths	路径
patience	耐性
patient	病人
patients	病人
pattern	模范
patterned	模范
patterning	模范
patterns	模范
paul	保罗
pause	暂停
paused	暂停
pauses	暂停
pausing	暂停
pay	薪资
paying	薪资
payment	付款
payments	付款
pays	薪资
pc	个人计算机
pcs	个人计算机
pea	豌豆
peace	和平
peaceful	平静的
peach	桃子
peached	桃子
peaches	桃子
peaching	桃子
peak	山峰
peaked	山峰
peaking	山峰
peaks	山峰
pear	梨子
pears	梨子
peas	豌豆
peasant	农夫
peasants	农夫
pedestrian	行人
pedestrians	行人
peer	同等的人
peered	同等的人
peering	同等的人
peers	同等的人
pen	钢笔
penalties	处罚
penalty	处罚
pencil	铅笔
pencilled	铅笔
pencilling	铅笔
pencils	铅笔
penned	钢笔
pennies	便士
penning	钢笔
penny	便士
pens	钢笔
pension	养老金
pensioned	养老金
pensioning	养老金
pensions	养老金
pent	钢笔
people	人
peopled	人
peoples	人
peopling	人
pepper	胡椒粉
peppered	胡椒粉
peppering	胡椒粉
peppers	胡椒粉
per	每一
perceive	感觉
perceived	感觉
perceives	感觉
perceiving	感觉
percent	百分比
percentage	百分比
percentages	百分比
perception	知觉
perceptions	知觉
perfect	完成时
perfected	完成时
perfecting	完成时
perfectly	完全地
perfects	完成时
perform	进行
performance	施行
performances	施行
performed	进行
performer	表演者
performers	表演者
performing	进行
performs	进行
perfume	香水
perfumed	香水
perfumes	香水
perfuming	香水
perhaps	也许
period	时期
periods	时期
permanent	永久的
permanently	永久
permission	许可
permissions	许可
permit	许可证
permits	许可证
permitted	许可证
permitting	许可证
pers	每一
person	人
personal	私人的
personalities	个性
personality	个性
personally	亲自地
personnel	人员
persons	人
perspective	远景
perspectives	远景
persuade	劝
persuaded	劝
persuades	劝
persuading	劝
pest	令人讨厌之物
pests	令人讨厌之物
pet	宠物
peter	逐渐消失
petered	逐渐消失
peters	逐渐消失
petrol	汽油
petrols	汽油
pets	宠物
petted	宠物
petting	宠物
phase	时期
phased	时期
phases	时期
phasing	时期
phenomena	现象
phenomenon	现象
philip	菲利普
philosophies	哲学
philosophy	哲学
phone	电话
phoned	电话
phones	电话
phoning	电话
photo	相片
photocopied	影印
photocopies	影印
photocopy	影印
photocopying	影印
photograph	相片
photographed	相片
photographer	摄影师
photographers	摄影师
photographing	相片
photographs	相片
photography	摄影
photos	相片
phrase	惯用语
phrased	惯用语
phrases	惯用语
phrasing	惯用语
physical	身体的
physically	按自然规律
physician	医师
physicians	医师
physicist	物理学家
physicists	物理学家
physics	物理学
pianist	钢琴家
pianists	钢琴家
piano	钢琴
pianos	钢琴
pick	精选
picked	精选
picking	精选
picks	精选
picnic	野餐
picnicked	野餐
picnicking	野餐
picnics	野餐
picture	图画
pictured	图画
pictures	图画
picturing	图画
pie	馅饼
piece	块
pieced	块
pieces	块
piecing	块
pies	馅饼
pig	猪
pigged	猪
pigging	猪
pigs	猪
pile	堆
piled	堆
piles	堆
piling	堆
pill	药丸
pillow	枕头
pillowed	枕头
pillowing	枕头
pillows	枕头
pills	药丸
pilot	飞行员
piloted	飞行员
piloting	飞行员
pilots	飞行员
pin	大头针
pine	松树
pineapple	凤梨
pineapples	凤梨
pined	松树
pines	松树
pining	松树
pink	粉红色
pinked	粉红色
pinker	粉红色
pinking	粉红色
pinks	粉红色
pinned	大头针
pinning	大头针
pins	大头针
pint	品脱
pints	品脱
pioneer	先锋
pioneered	先锋
pioneering	先锋
pioneers	先锋
pipe	管
piped	管
pipes	管
piping	管
pitch	程度
pitched	程度
pitches	程度
pitching	程度
pitied	遗憾
pities	遗憾
pity	遗憾
pitying	遗憾
place	地方
placed	地方
places	地方
placing	地方
plain	平原
plained	平原
plainer	平原
plainest	平原
plaining	平原
plains	平原
plaintiff	原告
plaintiffs	原告
plan	计划
plane	平面
planed	平面
planes	平面
planet	行星
planets	行星
planing	平面
planned	计划
planning	计划的制订
plans	计划
plant	植物
planted	植物
planting	植物
plants	植物
plastic	塑料
plastics	塑料
plate	碟
plated	碟
plates	碟
platform	站台
platforms	站台
plating	碟
play	游戏
played	游戏
player	竞赛者
players	竞赛者
playground	运动场
playgrounds	运动场
playing	游戏
playmate	玩伴
playmates	玩伴
playroom	游戏室
playrooms	游戏室
plays	游戏
pleasant	愉快的
pleasanter	愉快的
pleasantest	愉快的
pleasantly	和蔼地
please	请
pleased	高兴的
pleases	请
pleasing	令人喜爱的
pleasure	快乐
pleasures	快乐
pleasuring	快乐
plenty	充分
plot	小块土地
plots	小块土地
plotted	小块土地
plotting	小块土地
plug	塞子
pluged	塞子
plugged	塞子
plugging	塞子
pluging	塞子
plugs	塞子
plus	加上
pluses	加上
pm	出纳员
pms	出纳员
pocket	口袋
pocketed	口袋
pocketing	口袋
pockets	口袋
poem	诗
poems	诗
poet	诗人
poetry	诗
poets	诗人
point	点
pointed	尖的
pointing	点
points	点
poison	毒药
poisoned	毒药
poisoning	毒药
poisonous	有毒的
poisons	毒药
pole	波兰人
poled	波兰人
poles	波兰人
police	警察
policed	警察
policeman	警察
policemen	警察
polices	警察
policies	政策
policing	警察
policy	政策
poling	波兰人
polish	波兰的
polished	波兰的
polishes	波兰的
polishing	波兰的
polite	有礼貌的
politely	有礼貌地
politer	有礼貌的
politest	有礼貌的
political	政治的
politically	政治上
politician	政客
politicians	政客
politics	政治
poll	投票
polled	投票
polling	投票
polls	投票
pollute	污染
polluted	污染
pollutes	污染
polluting	污染
pollution	污染
pollutions	污染
pond	池塘
ponds	池塘
pool	池
pooled	池
pooling	池
pools	池
poor	贫穷的
poorer	贫穷的
poorest	贫穷的
pop	砰然声
popcorn	爆米花
popped	砰然声
popping	砰然声
pops	砰然声
popular	通俗的
populars	通俗的
population	人口
populations	人口
pork	猪肉
porking	猪肉
porridge	粥
porridges	粥
port	港口
portable	可携带的
portables	可携带的
ported	港口
porter	大楼管理员
porters	大楼管理员
porting	港口
portion	部分
portioned	部分
portioning	部分
portions	部分
portrait	肖像
portraits	肖像
ports	港口
pose	姿势
posed	姿势
poses	姿势
posing	姿势
position	位置
positioned	位置
positioning	位置
positions	位置
positive	肯定的
positives	肯定的
possess	持有
possessed	持有
possesses	持有
possessing	持有
possession	拥有
possessions	拥有
possibilities	可能性
possibility	可能性
possible	可能的
possibly	可能
post	柱
postage	邮资
postages	邮资
postbox	邮筒
postboxes	邮筒
postcard	明信片
postcards	明信片
postcode	邮政编码
postcoded	邮政编码
postcodes	邮政编码
postcoding	邮政编码
posted	柱
poster	海报
posters	海报
posting	柱
postman	邮递员
postmen	邮递员
postpone	延迟
postponed	延迟
postpones	延迟
postponing	延迟
posts	柱
pot	盆
potato	马铃薯
potatoes	马铃薯
potatos	马铃薯
potential	潜在性
potentially	可能地
potentials	潜在性
pots	盆
potted	盆
potting	盆
pound	磅
pounded	磅
pounding	磅
pounds	磅
pour	流出
poured	流出
pouring	流出
pours	流出
poverty	贫穷
powder	粉
powdered	粉
powdering	粉
powders	粉
power	力
powered	力
powerful	有力的
powering	力
powers	力
pp	包裹邮递
pps	包裹邮递
practical	实际的
practically	几乎
practicals	实际的
practice	实践
practiced	实践
practices	实践
practicing	实践
practise	实践
practised	实践
practises	实践
practising	实践
prairie	大草原
praise	赞美
praised	赞美
praises	赞美
praising	赞美
pray	祈祷
prayed	祈祷
prayer	祈祷
prayers	祈祷
praying	祈祷
prays	祈祷
precious	宝贵的
precise	精确的
precisely	精确地
predict	预知
predicted	预知
predicting	预知
predicts	预知
prefer	宁可
preference	偏爱
preferences	偏爱
preferred	宁可
preferring	宁可
prefers	宁可
pregnant	怀孕的
prejudice	偏见
prejudiced	偏见
prejudices	偏见
prejudicing	偏见
premier	总理
premiered	总理
premiering	总理
premiers	总理
premise	前提
premised	前提
premises	房屋
premising	前提
preparation	准备
preparations	准备
prepare	准备
prepared	准备好的
prepares	准备
preparing	准备
prescription	处方
prescriptions	处方
presence	出席
presences	出席
present	现在
presentation	赠与
presentations	赠与
presented	现在
presenting	现在
presents	现在
preserve	保护
preserved	保护
preserves	保护
preserving	保护
president	总统
presidential	总统制的
presidents	总统
press	压
pressed	压
presses	压
pressing	压
pressure	压
pressured	压
pressures	压
pressuring	压
presumably	推测上
pretend	假装
pretended	假装
pretending	假装
pretends	假装
prettier	漂亮的
prettiest	漂亮的
pretty	漂亮的
prevent	预防
prevented	预防
preventing	预防
prevents	预防
preview	事先查看
previewed	事先查看
previewing	事先查看
previews	事先查看
previous	早先的
previously	先
price	价格
priced	价格
prices	价格
pricing	价格
pride	骄傲
prided	骄傲
prides	骄傲
priding	骄傲
priest	祭司
priests	祭司
primaries	最主要者
primarily	主要地
primary	最主要者
prime	最佳部分
primed	最佳部分
primes	最佳部分
priming	最佳部分
primitive	原始人
primitives	原始人
prince	王子
princes	王子
princess	公主
princesses	公主
principal	校长
principals	校长
principle	原则
principles	原则
print	打印
printed	打印
printer	印刷工
printers	印刷工
printing	印刷
printings	印刷
prints	打印
prior	更重要的
priorities	优先权
priority	优先权
priors	更重要的
prison	监狱
prisoner	囚犯
prisoners	囚犯
prisons	监狱
private	私人的
privately	秘密地
privates	私人的
privilege	特权
privileged	特权
privileges	特权
privileging	特权
prize	奖赏
prized	奖赏
prizes	奖赏
prizing	奖赏
probable	很可能的
probables	很可能的
probably	大概
problem	问题
problems	问题
procedure	程序
procedures	程序
proceed	继续进行
proceeded	继续进行
proceeding	进行
proceedings	进行
proceeds	继续进行
process	程序
processed	程序
processes	程序
processing	程序
produce	生产品
produced	生产品
producer	生产者
producers	生产者
produces	生产品
producing	生产品
product	产品
production	制造
productions	制造
products	产品
profession	职业
professional	专业人才
professionals	专业人才
professions	职业
professor	教授
professors	教授
profit	利润
profited	利润
profiting	利润
profits	利润
program	节目
programme	节目
programmed	节目
programmes	节目
programming	节目
programs	节目
progress	进步
progressed	进步
progresses	进步
progressing	进步
prohibit	禁止
prohibited	禁止
prohibiting	禁止
prohibits	禁止
project	计划
projected	计划
projecting	计划
projects	计划
promise	诺言
promised	诺言
promises	诺言
promising	诺言
promote	促进
promoted	促进
promotes	促进
promoting	促进
promotion	晋级
promotions	晋级
prompt	激励
prompted	激励
prompter	激励
prompting	激励
promptly	敏捷地
prompts	激励
pronounce	发音
pronounced	发音
pronounces	发音
pronouncing	发音
pronunciation	发音
pronunciations	发音
proof	证据
proofed	证据
proofing	证据
proofs	证据
proper	适当的
properly	适当地
properties	财产
property	财产
proportion	比例
proportioned	比例
proportioning	比例
proportions	比例
proposal	提议
proposals	提议
propose	计划
proposed	被提议的
proposes	计划
proposing	计划
prosecutor	实行者
prosecutors	实行者
prospect	景色
prospected	景色
prospecting	景色
prospects	景色
protect	防卫
protected	防卫
protecting	防卫
protection	保护
protections	保护
protects	防卫
protein	蛋白质
proteins	蛋白质
protest	抗议
protested	抗议
protesting	抗议
protests	抗议
proud	骄傲的
prouder	骄傲的
proudest	骄傲的
proudly	傲慢地
prove	证明
proved	证明
proves	证明
provide	提供
provided	倘若
provides	提供
providing	提供
province	省
provinces	省
proving	证明
provision	供给...食物及必需品
provisioned	供给...食物及必需品
provisioning	供给...食物及必需品
provisions	供给...食物及必需品
ps	便士
psychological	心理学的
psychologies	心理学
psychology	心理学
pt	点
pts	点
pub	酒馆
public	公众
publication	出版物
publications	出版物
publicity	名声
publicly	公然地
publish	出版
published	出版
publishes	出版
publishing	出版
pubs	酒馆
pull	拉
pulled	拉
pulling	拉
pulls	拉
pulse	脉冲
pulsed	脉冲
pulses	脉冲
pulsing	脉冲
pump	抽水机
pumped	抽水机
pumping	抽水机
pumps	抽水机
punch	打洞器
punched	打洞器
punches	打洞器
punching	打洞器
punctual	准时的
punctuate	给文章加标点
punctuated	给文章加标点
punctuates	给文章加标点
punctuating	给文章加标点
punctuation	标点
punctuations	标点
punish	处罚
punished	处罚
punishes	处罚
punishing	处罚
punishment	处罚
punishments	处罚
pupil	学生
pupils	学生
purchase	购买
purchased	购买
purchases	购买
purchasing	购买
pure	纯的
purely	纯粹地
purer	纯的
purest	纯的
purple	紫色
purpled	紫色
purpler	紫色
purples	紫色
purplest	紫色
purpling	紫色
purpose	目的
purposed	目的
purposes	目的
purposing	目的
purse	钱包
pursed	钱包
purses	钱包
pursing	钱包
pursue	追赶
pursued	追赶
pursues	追赶
pursuing	追赶
push	推
pushed	推
pushes	推
pushing	推
put	放
puts	放
putting	放
puzzle	难题
puzzled	困惑的
puzzles	难题
puzzling	难题
pyramid	角锥
pyramided	角锥
pyramiding	角锥
pyramids	角锥
quake	颤抖
quaked	颤抖
quakes	颤抖
quaking	颤抖
qualification	资格
qualifications	资格
qualified	有资格的
qualifies	取得资格
qualify	取得资格
qualifying	取得资格
qualities	品质
quality	品质
quantities	量
quantity	量
quarrel	吵架
quarrelled	吵架
quarrelling	吵架
quarrels	吵架
quarter	四分之一
quartered	四分之一
quartering	四分之一
quarters	四分之一
queen	王后
queened	王后
queening	王后
queens	王后
question	问题
questioned	问题
questioning	问题
questionnaire	调查表
questionnaires	调查表
questions	问题
queue	辫子
queued	辫子
queueed	辫子
queueing	辫子
queues	辫子
queuing	辫子
quick	快的
quicker	快的
quickest	快的
quickly	很快地
quiet	安静
quieted	安静
quieter	安静
quietest	安静
quieting	安静
quietly	安静地
quiets	安静
quilt	棉被
quilted	棉被
quilting	棉被
quilts	棉被
quit	离开
quite	相当
quits	离开
quitted	离开
quitting	离开
quiz	考查
quizzed	考查
quizzes	考查
quizzing	考查
quote	引用
quoted	引用
quotes	引用
quoth	引用
quoting	引用
r	半径
rabbit	兔子
rabbited	兔子
rabbiting	兔子
rabbits	兔子
race	种族
raced	种族
races	种族
racial	人种的
racing	赛马
radiation	辐射
radiations	辐射
radical	激进分子
radicals	激进分子
radio	无线电
radioactive	放射性的
radioed	无线电
radioing	无线电
radios	无线电
radium	镭
rag	碎布
ragged	碎布
ragging	碎布
rags	碎布
rail	横杆
railed	横杆
railing	横杆
rails	横杆
railway	铁路
railways	铁路
rain	雨
rainbow	彩虹
rainbows	彩虹
raincoat	雨衣
raincoated	雨衣
raincoats	雨衣
rained	雨
rainfall	降雨
rainfalls	降雨
rainiest	下雨的
raining	雨
rains	雨
rainy	下雨的
raise	上升
raised	上升
raises	上升
raising	上升
ran	跑
random	随意
rang	环
range	排
ranged	排
ranges	排
ranging	排
rank	等级
ranked	等级
ranking	等级
ranks	等级
rapid	迅速的
rapidly	飞快地
rapids	迅速的
rare	稀罕的
rarely	很少地
rarer	稀罕的
rarest	稀罕的
raring	稀罕的
rat	鼠
rate	比率
rated	比率
rates	比率
rather	宁可
rating	等级
ratings	等级
ratio	比
ratios	比
rats	鼠
ratted	鼠
ratting	鼠
raw	擦伤处
rawest	擦伤处
ray	光线
rayed	光线
raying	光线
rays	光线
razor	剃刀
razors	剃刀
reach	伸出
reached	伸出
reaches	伸出
reaching	伸出
react	起反应
reacted	起反应
reacting	起反应
reaction	反应
reactions	反应
reacts	起反应
read	读
reader	读者
readers	读者
readied	预备好的状态
readier	预备好的状态
readies	预备好的状态
reading	阅读
readings	阅读
reads	读
ready	预备好的状态
readying	预备好的状态
real	真的
realise	实现
realised	实现
realises	实现
realising	实现
realistic	现实的
realities	实在
reality	实在
realize	了解
realized	了解
realizes	了解
realizing	了解
really	实际上
rear	后面
reared	后面
rearing	后面
rears	后面
reason	理由
reasonable	合理的
reasonably	适度地
reasoned	理由
reasoning	理由
reasons	理由
rebuild	改建
rebuilding	改建
rebuilds	改建
rebuilt	改建
recall	回忆
recalled	回忆
recalling	回忆
recalls	回忆
receipt	收据
receipted	收据
receipting	收据
receipts	收据
receive	收到
received	收到
receiver	接收器
receivers	接收器
receives	收到
receiving	收到
recent	最近的
recently	最近
reception	接待
receptionist	接待员
receptionists	接待员
receptions	接待
recession	后退
recessions	后退
recipe	食谱
recipes	食谱
recite	背诵
recited	背诵
recites	背诵
reciting	背诵
reckon	计算
reckoned	计算
reckoning	计算
reckons	计算
recognise	认识
recognised	认识
recognises	认识
recognising	认识
recognition	赞誉
recognitions	赞誉
recognize	认出
recognized	认出
recognizes	认出
recognizing	认出
recommend	推荐
recommendation	推荐
recommendations	推荐
recommended	推荐
recommending	推荐
recommends	推荐
record	记录
recorded	记录
recorder	记录员
recorders	记录员
recording	记录的
recordings	记录的
records	记录
recover	重新获得
recovered	重新获得
recoveries	恢复
recovering	重新获得
recovers	重新获得
recovery	恢复
recreation	娱乐
recreations	娱乐
rectangle	长方形
rectangles	长方形
recycle	使再循环
recycled	使再循环
recycles	使再循环
recycling	使再循环
red	红的
redder	红的
redirect	重新寄送
redirected	重新寄送
redirecting	重新寄送
redirects	重新寄送
reds	红的
reduce	减少
reduced	减少
reduces	减少
reducing	减少
reduction	减少
reductions	减少
ref	裁判员
refer	提交
referee	仲裁人
refereed	仲裁人
refereeing	仲裁人
referees	仲裁人
reference	参考
referenced	参考
references	参考
referencing	参考
referred	提交
referring	提交
refers	提交
reflect	反射
reflected	反射
reflecting	反射
reflects	反射
reform	改革
reformed	改革
reforming	改革
reforms	改革
refresh	使清新
refreshed	使清新
refreshes	使清新
refreshing	使清新
refreshments	茶点
refrigerator	电冰箱
refrigerators	电冰箱
refs	裁判员
refugee	难民
refugees	难民
refusal	拒绝
refusals	拒绝
refuse	拒绝
refused	拒绝
refuses	拒绝
refusing	拒绝
regard	关心
regarded	关心
regarding	关于
regardless	不管
regards	问候
regime	政权
regimes	政权
region	区域
regional	地方的
regionals	地方的
regions	区域
register	寄存器
registered	寄存器
registering	寄存器
registers	寄存器
regret	遗憾
regrets	遗憾
regretted	遗憾
regretting	遗憾
regular	规则的
regularly	有规则地
regulars	规则的
regulation	规则
regulations	规则
reject	被拒之人
rejected	被拒之人
rejecting	被拒之人
rejects	被拒之人
relaid	驿马
relate	讲
related	讲述的
relates	讲
relating	讲
relation	关系
relations	关系
relationship	关系
relationships	关系
relative	亲戚
relatively	相对地
relatives	亲戚
relax	放松
relaxed	松懈的
relaxes	放松
relaxing	令人轻松的
relay	驿马
relayed	驿马
relaying	驿马
relays	驿马
release	释放
released	释放
releases	释放
releasing	释放
relevant	有关联的
reliable	可靠的
relied	信赖
relief	减轻
reliefs	减轻
relies	信赖
religion	宗教
religions	宗教
religious	宗教性的
rely	信赖
relying	信赖
remain	保持
remained	保持
remaining	剩余的
remains	剩余物
remark	评论
remarkable	不平常的
remarkably	显著地
remarked	评论
remarking	评论
remarks	评论
remember	记得
remembered	记得
remembering	记得
remembers	记得
remind	提醒
reminded	提醒
reminding	提醒
reminds	提醒
remote	遥远的
remoter	遥远的
remotest	遥远的
removal	移动
removals	移动
remove	移动
removed	移动
removes	移动
removing	移动
rent	租金
rented	租用的
renting	租金
rents	租金
repair	修理
repaired	修理
repairing	修理
repairs	备件
repeat	重复
repeated	重复的
repeatedly	重复地
repeating	重复
repeats	重复
replace	代替
replaced	代替
replaces	代替
replacing	代替
replied	答复
replies	答复
reply	答复
replying	答复
report	报告
reported	报告
reporter	记者
reporters	记者
reporting	报告
reports	报告
represent	表现
representation	表示法
representations	表示法
representative	代表
representatives	代表
represented	表现
representing	表现
represents	表现
reproduce	繁殖
reproduced	繁殖
reproduces	繁殖
reproducing	繁殖
republic	共和国
republican	共和主义者
republicans	共和主义者
republics	共和国
reputation	名誉
reputations	名誉
request	请求
requested	请求
requesting	请求
requests	请求
require	需要
required	需要
requirement	需求
requirements	需求
requires	需要
requiring	需要
rescue	援救
rescued	援救
rescues	援救
rescuing	援救
research	研究
researched	研究
researcher	研究人员
researchers	研究人员
researches	研究
researching	研究
resemble	相似
resembled	相似
resembles	相似
resembling	相似
reservation	保留
reservations	保留
reserve	储备品
reserved	储备品
reserves	储备品
reserving	储备品
resident	居民
residents	居民
resign	辞职
resigned	辞职
resigning	辞职
resigns	辞职
resist	抵抗
resistance	抵抗力
resistances	抵抗力
resisted	抵抗
resisting	抵抗
resists	抵抗
resolution	解析
resolutions	解析
resolve	决定
resolved	决定
resolves	决定
resolving	决定
resort	度假胜地
resorted	度假胜地
resorting	度假胜地
resorts	度假胜地
resource	资源
resourced	资源
resources	资源
resourcing	资源
respect	尊敬
respected	尊敬
respecting	尊敬
respectively	各自地
respects	尊敬
respond	以...回答
responded	以...回答
respondent	回答的
respondents	回答的
responding	以...回答
responds	以...回答
response	反应
responses	反应
responsibilities	责任
responsibility	责任
responsible	有责任的
rest	休息
restaurant	餐馆
restaurants	餐馆
rested	休息
resting	休息
restore	回复
restored	回复
restores	回复
restoring	回复
restrict	限制
restricted	受限制的
restricting	限制
restriction	限制
restrictions	限制
restricts	限制
rests	休息
result	结果
resulted	结果
resulting	结果
results	结果
retain	保持
retained	保持
retaining	保持
retains	保持
retell	再讲
retelling	再讲
retells	再讲
retire	隐居
retired	隐退的
retirement	退休
retirements	退休
retires	隐居
retiring	隐居
retold	再讲
return	回来
returned	回来
returning	回来
returns	回来
reuse	再使用
reused	再使用
reuses	再使用
reusing	再使用
reveal	露出
revealed	露出
revealing	露出
reveals	露出
revenue	收入
revenues	收入
reverse	相反
reversed	相反
reverses	相反
reversing	相反
review	检讨
reviewed	检讨
reviewer	评论者
reviewers	评论者
reviewing	检讨
reviews	检讨
revise	校订
revised	校订
revises	校订
revising	校订
revision	校订
revisions	校订
revolution	革命
revolutions	革命
reward	报酬
rewarded	报酬
rewarding	报酬
rewards	报酬
rewind	重绕
rewinding	重绕
rewinds	重绕
rewrite	重写
rewrites	重写
rewriting	重写
rewritten	重写
rewrote	重写
rhyme	韵
rhymed	韵
rhymes	韵
rhyming	韵
rhythm	旋律
rhythms	旋律
rice	米
riced	米
rices	米
rich	富裕的
richard	理查德
richer	富裕的
richest	富裕的
ricing	米
rid	免除
ridded	免除
ridden	骑马
ridding	免除
riddle	谜
riddled	谜
riddles	谜
riddling	谜
ride	骑马
rider	骑手
riders	骑手
rides	骑马
ridiculous	荒谬的
riding	骑
ridings	骑
rids	免除
right	权利
righted	权利
righting	权利
rightly	合适地
rights	权利
rigid	坚硬的
ring	环
ringing	环
rings	环
ripe	成熟的
ripen	使成熟
ripened	使成熟
ripening	使成熟
ripens	使成熟
riper	成熟的
ripest	成熟的
rise	上升
risen	上升
rises	上升
rising	上升
risk	冒险
risked	冒险
risking	冒险
risks	冒险
rival	对手
rivalled	对手
rivalling	对手
rivals	对手
river	河
rivers	河
road	路
roads	路
roast	烤肉
roasted	烤肉
roaster	烤肉
roasting	烤肉
roasts	烤肉
rob	抢夺
robbed	抢夺
robbing	抢夺
robert	警察
robot	机械人
robots	机械人
robs	抢夺
rock	岩石
rocked	岩石
rocket	火箭
rocketed	火箭
rocketing	火箭
rockets	火箭
rocketted	火箭
rocking	岩石
rocks	岩石
rode	骑马
role	角色
roles	角色
roll	卷
rolled	卷
roller	滚筒
rollered	滚筒
rollering	滚筒
rollers	滚筒
rolling	卷
rolls	卷
romantic	浪漫的
romantics	浪漫的
rome	罗马
roof	屋顶
roofed	屋顶
roofing	屋顶
roofs	屋顶
room	房间
roomed	房间
rooming	房间
rooms	房间
rooster	公鸡
roosters	公鸡
root	根
rooted	根
rooting	根
roots	根
rope	绳
roped	绳
ropes	绳
roping	绳
rose	玫瑰
roses	玫瑰
rot	腐烂
rots	腐烂
rotted	腐烂
rotting	腐烂
rough	粗糙的东西
roughed	粗糙的东西
rougher	粗糙的东西
roughest	粗糙的东西
roughing	粗糙的东西
roughly	概略地
roughs	粗糙的东西
round	圆
roundabout	迂回的
roundabouts	迂回的
rounded	圆形的
rounder	圆
rounding	圆
rounds	圆
route	路径
routed	路径
routes	路径
routine	常规
routines	常规
routing	路径
row	排
rowed	排
rowing	排
rows	排
royal	王室
royals	王室
rub	摩擦
rubbed	摩擦
rubber	橡皮
rubbered	橡皮
rubbering	橡皮
rubbers	橡皮
rubbing	摩擦
rubbish	废物
rubbished	废物
rubbishes	废物
rubbishing	废物
rubs	摩擦
rude	粗鲁无礼的
rudely	无礼地
ruder	粗鲁无礼的
rudest	粗鲁无礼的
rugby	橄榄球
ruin	毁灭
ruined	毁灭的
ruining	毁灭
ruins	毁灭
rule	规则
ruled	规则
ruler	统治者
rulers	统治者
rules	规则
ruling	规则
rumour	谣言
rumoured	谣言
rumouring	谣言
rumours	谣言
run	跑
rung	环
runner	跑步者
runners	跑步者
running	赛跑
runnings	赛跑
runs	跑
rural	乡下的
rush	匆促
rushed	匆促
rushes	匆促
rushing	匆促
russia	俄国
russian	俄国人
russians	俄国人
sack	麻布袋
sacked	麻布袋
sacking	麻布袋
sacks	麻布袋
sacred	神圣的
sacrifice	牺牲
sacrificed	牺牲
sacrifices	牺牲
sacrificing	牺牲
sad	忧愁的
sadder	忧愁的
saddest	忧愁的
sadly	悲痛地
sadness	悲哀
sadnesses	悲哀
safe	保险箱
safely	安全地
safer	保险箱
safes	保险箱
safest	保险箱
safety	安全
said	说
sail	帆
sailed	帆
sailing	航行
sailings	航行
sailor	水手
sailors	水手
sails	帆
sake	目的
sakes	目的
salad	色拉
salads	色拉
salaries	薪水
salary	薪水
sale	出售
sales	销售的
salesgirl	女店员
salesgirls	女店员
salesman	售货员
salesmen	售货员
saleswoman	女售货员
saleswomen	女售货员
salt	盐
salted	盐
saltier	有盐分的
salting	盐
salts	盐
salty	有盐分的
salute	行礼
saluted	行礼
salutes	行礼
saluting	行礼
same	相同的
sample	样品
sampled	样品
samples	样品
sampling	样品
sand	沙
sanded	沙
sanding	沙
sands	沙
sandwich	三明治
sandwiched	三明治
sandwiches	三明治
sandwiching	三明治
sang	唱
sank	藏垢的场所
sarah	萨拉
sat	坐
satellite	人造卫星
satellites	人造卫星
satisfaction	满足
satisfactions	满足
satisfied	感到满意的
satisfies	使满意
satisfy	使满意
satisfying	满意的
saturday	星期六
saturdays	星期六
sauce	酱油
sauced	酱油
saucer	茶碟
saucers	茶碟
sauces	酱油
saucing	酱油
sausage	香肠
sausages	香肠
savage	未开化的
savaged	未开化的
savages	未开化的
savaging	未开化的
save	救球
saved	救球
saves	救球
saving	存款
savings	存款
saw	看见
say	说
saying	叙述
sayings	叙述
says	说
scale	刻度
scaled	刻度
scales	刻度
scaling	刻度
scan	审视
scanned	审视
scanning	审视
scans	审视
scaping	逃亡
scar	疤痕
scare	惊吓
scared	害怕的
scares	惊吓
scarf	围巾
scarfed	围巾
scarfing	围巾
scarfs	围巾
scaring	惊吓
scarred	疤痕
scarring	疤痕
scars	疤痕
scarves	围巾
scene	场
sceneries	风景
scenery	风景
scenes	场
sceptical	怀疑论的
schedule	时间表
scheduled	时间表
schedules	时间表
scheduling	时间表
scheme	方案
schemed	方案
schemes	方案
scheming	方案
scholar	学者
scholars	学者
scholarship	学问
scholarships	学问
school	学校
schoolbag	书包
schoolbags	书包
schooled	学校
schooling	学校
schoolmate	同窗
schoolmates	同窗
schools	学校
science	科学
sciences	科学
scientific	科学的
scientist	科学家
scientists	科学家
scissors	pl.剪刀
scold	好骂街的人
scolded	好骂街的人
scolding	好骂街的人
scolds	好骂街的人
scope	范围
scopes	范围
score	得分
scored	得分
scores	大量
scoring	得分
scotland	苏格兰
scott	斯科特
scottish	苏格兰的
scratch	抓痕
scratched	抓痕
scratches	抓痕
scratching	抓痕
scream	尖叫声
screamed	尖叫声
screaming	尖叫声
screams	尖叫声
screen	幕
screened	幕
screening	幕
screens	幕
screw	螺旋
screwed	螺旋
screwing	螺旋
screws	螺旋
sculpture	雕刻
sculptured	雕刻
sculptures	雕刻
sculpturing	雕刻
sea	海
seagull	鸥
seagulls	鸥
seal	印章
sealed	印章
sealing	印章
seals	印章
seaman	船员
seamans	船员
seamen	船员
search	搜寻
searched	搜寻
searches	搜寻
searching	搜寻
seas	海
seashell	海贝壳
seashells	海贝壳
seaside	海边的
seasides	海边的
season	季节
seasoned	季节
seasoning	季节
seasons	季节
seat	座
seated	座
seating	座
seats	座
seaweed	海草
seaweeds	海草
second	秒
secondaries	中级的
secondary	中级的
seconded	秒
secondhand	间接获得的
seconding	秒
seconds	秒
secret	秘密
secretaries	秘书
secretary	秘书
secretly	秘密地
secrets	秘密
section	区段
sectioned	区段
sectioning	区段
sections	区段
sector	扇形
sectors	扇形
secure	无虑的
secured	无虑的
secures	无虑的
securing	无虑的
securities	安全
security	安全
see	看见
seed	种子
seeded	种子
seeding	种子
seeds	种子
seeing	看见
seek	寻求
seeking	寻求
seeks	寻求
seem	象是
seemed	象是
seeming	象是
seems	象是
seen	看见
sees	看见
seize	抓住
seized	抓住
seizes	抓住
seizing	抓住
seldom	不常的
select	挑选出来的
selected	挑选出来的
selecting	挑选出来的
selection	选择
selections	选择
selects	挑选出来的
self	自己
selfish	自私的
sell	卖
selling	卖
sells	卖
selves	自己
semicircle	半圆形
semicircles	半圆形
senate	参议院
senates	参议院
senator	参议员
senators	参议员
send	发送
sending	发送
sends	发送
senior	年长者
seniors	年长者
sense	感应
sensed	感应
senses	感应
sensible	有感觉的
sensing	感应
sensitive	敏感的
sensitives	敏感的
sent	发送
sentence	句子
sentenced	句子
sentences	句子
sentencing	句子
separate	独立件
separated	分居
separately	[表]分开
separates	独立件
separating	独立件
separation	分离
separations	分离
sept	氏族
september	九月
septs	氏族
sequence	序列
sequenced	序列
sequences	序列
sequencing	序列
series	串联
serious	严肃的
seriously	严肃地
servant	仆人
servants	仆人
serve	可作...用
served	可作...用
serves	可作...用
service	服务
serviced	服务
services	服务
servicing	服务
serving	可作...用
session	期间
sessions	期间
set	日落
sets	日落
setting	环境
settings	环境
settle	有背长椅
settled	有背长椅
settlement	安顿
settlements	安顿
settler	移民者
settlers	移民者
settles	有背长椅
settling	有背长椅
seven	七
seventeen	十七
seventh	第七
seventy	七十
several	几个的
severe	严格的
severely	严格
severer	严格的
severest	严格的
sew	缝纫
sewed	缝纫
sewing	缝制品
sewings	缝制品
sewn	缝纫
sews	缝纫
sex	性别
sexed	性别
sexes	性别
sexing	性别
sexual	性的
sexually	性别地
shabbier	衣衫褴褛的
shabbiest	衣衫褴褛的
shabby	衣衫褴褛的
shade	荫
shaded	荫
shades	荫
shading	荫
shadow	阴影
shadowed	阴影
shadowing	阴影
shadows	阴影
shake	摇动
shaken	摇动
shakes	摇动
shaking	摇动
shall	将
shallow	水浅的地方
shallowed	水浅的地方
shallower	水浅的地方
shallowest	水浅的地方
shallowing	水浅的地方
shallows	水浅的地方
shame	羞耻
shamed	羞耻
shames	羞耻
shaming	羞耻
shanghai	上海
shanghaied	上海
shanghaiing	上海
shanghais	上海
shape	形状
shaped	成某种形状的
shapes	形状
shaping	形状
share	部分
shared	部分
shareholder	股东
shareholders	股东
shares	部分
sharing	部分
shark	鲨鱼
sharked	鲨鱼
sharking	鲨鱼
sharks	鲨鱼
sharp	半升音调
sharpen	使尖锐
sharpened	使尖锐
sharpener	研磨者
sharpeners	研磨者
sharpening	使尖锐
sharpens	使尖锐
sharply	锐利地
sharps	半升音调
shave	修面
shaved	修面
shaver	修面的人
shavers	修面的人
shaves	修面
shaving	修面
she	她
sheep	羊
sheeps	羊
sheet	床单
sheeted	床单
sheeting	床单
sheets	床单
shelf	架子
shell	贝壳
shelled	贝壳
shelling	贝壳
shells	贝壳
shelter	庇护所
sheltered	庇护所
sheltering	庇护所
shelters	庇护所
shelves	架子
shied	惊跳
shier	惊跳
shies	惊跳
shift	变化
shifted	变化
shifting	变化
shifts	变化
shine	光泽
shined	光泽
shines	光泽
shinier	有光泽的
shiniest	有光泽的
shining	光泽
shiny	有光泽的
ship	船
shipped	船
shipping	船
ships	船
shirt	衬衫
shirts	衬衫
shock	震动
shocked	震撼的
shocking	令人震惊的
shocks	震动
shod	鞋
shoe	鞋
shoeing	鞋
shoes	鞋
shone	光泽
shook	摇动
shoot	射击
shooting	发射
shootings	发射
shoots	射击
shop	商店
shopkeeper	零售商
shopkeepers	零售商
shopped	商店
shopping	买东西
shops	商店
shore	海岸
shored	海岸
shores	海岸
shoring	海岸
short	短的
shortcoming	缺点
shortcomings	缺点
shorted	短的
shorter	短的
shortest	短的
shorting	短的
shortly	不久
shorts	短裤
shot	发射
shots	发射
should	应该
shoulder	肩
shouldered	肩
shouldering	肩
shoulders	肩
shout	呼喊
shouted	呼喊
shouting	呼喊
shouts	呼喊
show	显示
showed	显示
shower	阵雨
showered	阵雨
showering	阵雨
showers	阵雨
showing	显示
shown	显示
shows	显示
shrank	收缩
shrink	收缩
shrinking	收缩
shrinks	收缩
shrunk	收缩
shrunken	收缩
shut	关闭
shuts	关闭
shutting	关闭
shuttle	穿梭
shuttled	穿梭
shuttles	穿梭
shuttling	穿梭
shy	惊跳
shyer	惊跳
shyest	惊跳
shying	惊跳
shys	惊跳
sick	病人
sicker	病人
sickest	病人
sickness	疾病
sicknesses	疾病
sicks	病人
side	旁边
sided	旁边
sides	旁边
sideway	小路
sideways	向旁边
siding	旁边
sigh	叹息
sighed	叹息
sighing	叹息
sighs	叹息
sight	景观
sighted	景观
sighting	景观
sights	景观
sightseeing	观光
sign	符号
signal	信号
signalled	信号
signalling	信号
signals	信号
signature	签字
signatures	签字
signed	符号
significance	重要性
significances	重要性
significant	重要的
significantly	值得注目地
signing	符号
signs	符号
silence	沉默
silenced	沉默
silences	沉默
silencing	沉默
silent	沉默的
silk	丝
silks	丝
sillier	愚蠢的
silliest	愚蠢的
silly	愚蠢的
silver	银
silvered	银
silvering	银
silvers	银
similar	相似的
similarly	相像地
simon	西蒙
simple	简单的
simpler	简单的
simplest	简单的
simplified	单一化
simplifies	单一化
simplify	单一化
simplifying	单一化
simply	简单地
since	自...以后
sincere	诚实的
sincerely	真诚地
sincerer	诚实的
sincerest	诚实的
sing	唱
singer	歌手
singers	歌手
singing	歌唱
single	单身的
singled	单身的
singles	单身的
singling	单身的
sings	唱
sink	藏垢的场所
sinking	藏垢的场所
sinks	藏垢的场所
sir	先生
sirs	先生
sister	姐妹
sisters	姐妹
sit	坐
site	位置
sited	位置
sites	位置
siting	位置
sits	坐
sitting	坐
situation	情形
situations	情形
six	六
sixteen	十六
sixteenth	第十六
sixth	第六
sixty	六十
size	大小
sized	大小
sizes	大小
sizing	大小
skate	溜冰
skateboard	溜冰板
skateboarding	溜冰板
skateboards	溜冰板
skated	溜冰
skates	溜冰
skating	溜冰
ski	滑雪橇
ski-ing	滑雪橇
skid	滑雪橇
skied	天空
skies	天空
skiing	滑雪橇
skilful	灵巧的
skilfully	熟练地
skill	技术
skilled	熟练的
skillful	熟练的
skillfully	巧妙地
skills	技术
skin	皮肤
skinned	皮肤
skinning	皮肤
skins	皮肤
skip	跳跃
skipped	跳跃
skipping	跳跃
skips	跳跃
skirt	裙子
skirted	裙子
skirting	裙子
skirts	裙子
skis	滑雪橇
sky	天空
skying	天空
skyscraper	摩天楼
skyscrapers	摩天楼
slave	奴隶
slaved	奴隶
slavery	奴隶的身分
slaves	奴隶
slaving	奴隶
sleep	睡眠
sleepier	困乏的
sleepies	困乏的
sleeping	睡眠
sleeps	睡眠
sleepy	困乏的
sleeve	袖子
sleeved	袖子
sleeves	袖子
sleeving	袖子
slept	睡眠
slice	薄的切片
sliced	薄的切片
slices	薄的切片
slicing	薄的切片
slid	滑
slidden	滑
slide	滑
slides	滑
sliding	滑
slight	轻蔑
slighted	轻蔑
slighter	轻蔑
slightest	轻蔑
slighting	轻蔑
slightly	些微地
slights	轻蔑
slim	瘦的
slimmed	瘦的
slimmer	瘦的
slimmest	瘦的
slimming	瘦的
slims	瘦的
slip	滑
slipped	滑
slipping	滑
slips	滑
slope	倾斜
sloped	倾斜
slopes	倾斜
sloping	倾斜
slow	慢的
slowed	慢的
slower	慢的
slowest	慢的
slowing	慢的
slowly	慢慢地
slows	慢的
small	小的
smaller	小的
smallest	小的
smart	聪明的
smarted	聪明的
smarter	聪明的
smartest	聪明的
smarting	聪明的
smarts	聪明的
smash	打碎
smashed	打碎
smashes	打碎
smashing	打碎
smell	味道
smelled	味道
smellier	发臭的
smellies	发臭的
smelliest	发臭的
smelling	味道
smells	味道
smelly	发臭的
smelt	味道
smile	微笑
smiled	微笑
smiles	微笑
smiling	微笑
smith	铁匠
smiths	铁匠
smog	烟雾
smogs	烟雾
smoke	烟
smoked	烟
smoker	吸烟者
smokers	吸烟者
smokes	烟
smoking	抽烟
smooth	平滑的
smoothed	平滑的
smoother	平滑的
smoothest	平滑的
smoothing	平滑的
smoothly	平滑地
smooths	平滑的
snack	小吃
snacked	小吃
snacking	小吃
snacks	小吃
snake	蛇
snaked	蛇
snakes	蛇
snaking	蛇
snap	使突然中断
snapped	使突然中断
snapping	使突然中断
snaps	使突然中断
snatch	抢夺
snatched	抢夺
snatches	抢夺
snatching	抢夺
sneaker	鬼鬼祟祟做事的人
sneakers	鬼鬼祟祟做事的人
sneeze	喷嚏
sneezed	喷嚏
sneezes	喷嚏
sneezing	喷嚏
sniff	以鼻吸气
sniffed	以鼻吸气
sniffing	以鼻吸气
sniffs	以鼻吸气
snow	雪
snowball	雪球
snowballed	雪球
snowballing	雪球
snowballs	雪球
snowed	雪
snowiest	多雪的
snowing	雪
snowman	雪人
snowmen	雪人
snows	雪
snowy	多雪的
snowys	多雪的
so	如此
soap	肥皂
soaped	肥皂
soaping	肥皂
soaps	肥皂
sob	啜泣
sobbed	啜泣
sobbing	啜泣
sobs	啜泣
soccer	英式足球
social	社会的
socialism	社会主义
socialisms	社会主义
socialist	社会主义者
socialists	社会主义者
socially	在社会上
societies	社会
society	社会
sock	短袜
socked	短袜
socket	窝
sockets	窝
socking	短袜
socks	短袜
sofa	沙发
sofas	沙发
soft	软的
softball	垒球运动
softer	软的
softest	软的
softly	柔和地
software	软件
soil	土壤
soiled	土壤
soiling	土壤
soils	土壤
solar	太阳的
sold	卖
soldier	军人
soldiered	军人
soldiering	军人
soldiers	军人
solicitor	募损者
solicitors	募损者
solid	固体
solids	固体
solution	解决
solutions	解决
solve	解决
solved	解决
solves	解决
solving	解决
some	一些
somebody	了不起的人
somehow	不知何故
someone	有人
something	某事
sometimes	有时
somewhat	某物
somewhere	到某处
son	儿子
song	歌
songs	歌
sons	儿子
soon	不久
sore	悲伤的
sorer	悲伤的
sores	悲伤的
sorrier	难过的
sorrow	悲伤
sorrowed	悲伤
sorrowing	悲伤
sorrows	悲伤
sorry	难过的
sort	种类
sorted	种类
sorting	种类
sorts	种类
sought	寻求
soul	灵魂
souls	灵魂
sound	声音
sounded	声音
sounder	声音
sounding	声音
sounds	声音
soup	汤
souped	汤
souping	汤
soups	汤
sour	酸的
source	来源
sourced	来源
sources	来源
sourcing	来源
soured	酸的
sourer	酸的
sourest	酸的
souring	酸的
sours	酸的
south	南方
southeast	东南
southern	南方人
southwest	西南
souvenirs	纪念品
soviet	代表会议
soviets	代表会议
sow	母猪
sowed	母猪
sowing	母猪
sown	母猪
sows	母猪
space	位置
spaced	位置
spaces	位置
spaceship	宇宙飞船
spaceships	宇宙飞船
spacing	位置
spade	铲子
spaded	铲子
spades	铲子
spading	铲子
spain	西班牙
spanish	西班牙人
spare	剩余
spared	剩余
spares	剩余
sparing	剩余
sparrow	麻雀
sparrows	麻雀
spat	唾液
speak	说
speaker	说话人
speakers	说话人
speaking	说
speaks	说
spear	矛
speared	矛
spearing	矛
spears	矛
special	专辑
specialist	专门医师
specialists	专门医师
specially	特别地
specials	专辑
species	种
specific	特效药
specifically	特定地
specifics	特效药
specified	详列
specifies	详列
specify	详列
specifying	详列
sped	速率
speech	演讲
speeches	演讲
speed	速率
speeded	速率
speeding	速率
speeds	速率
spell	符咒
spelled	符咒
spelling	拼
spellings	拼
spells	符咒
spelt	符咒
spend	花费
spending	经费
spends	花费
spent	花费
spice	香料
spiced	香料
spices	香料
spicier	香的
spiciest	香的
spicing	香料
spicy	香的
spider	蜘蛛
spiders	蜘蛛
spied	间谍
spies	间谍
spin	旋转
spinning	旋转
spins	旋转
spirit	精神
spirited	精神
spiriting	精神
spirits	精神
spiritual	精神上的
spirituals	精神上的
spit	唾液
spite	恶意
spited	恶意
spites	恶意
spiting	恶意
spits	唾液
spitted	唾液
spitting	唾液
splendid	光亮的
split	劈开
splits	劈开
splitting	劈开
spoil	战利品
spoiled	战利品
spoiling	战利品
spoils	战利品
spoilt	战利品
spoke	说
spoken	口头讲的
spokesman	发言人
spokesmen	发言人
sponsor	保证人
sponsored	保证人
sponsoring	保证人
sponsors	保证人
spoon	匙
spooned	匙
spoonful	一匙
spoonfuls	一匙
spooning	匙
spoons	匙
sport	运动
sported	运动
sporting	运动
sports	运动
spot	污点
spotcheck	污点
spots	污点
spotted	污点
spotting	污点
sprang	春天
spray	水沫
sprayed	水沫
spraying	水沫
sprays	水沫
spread	传播
spreading	传播
spreads	传播
spring	春天
springing	春天
springs	春天
sprung	春天
spun	旋转
spy	间谍
spying	间谍
square	正方形
squared	正方形
squares	正方形
squaring	正方形
squeeze	紧握
squeezed	紧握
squeezes	紧握
squeezing	紧握
squid	枪乌贼
squids	枪乌贼
squirrel	松鼠
squirrelled	松鼠
squirrelling	松鼠
squirrels	松鼠
st	段表
stable	马房
stabled	马房
stables	马房
stabling	马房
stadia	露天大型运动场
stadium	露天大型运动场
stadiums	露天大型运动场
staff	全体人员
staffed	全体人员
staffing	全体人员
staffs	全体人员
stage	阶段
staged	阶段
stages	阶段
staging	阶段
stain	污染
stained	污染
staining	污染
stainless	无瑕疵的
stains	污染
stair	梯级
stairs	楼梯
stake	桩
staked	桩
stakes	桩
staking	桩
stamp	印
stamped	印
stamping	印
stamps	印
stand	站立
standard	标准
standards	标准
standing	站立
stands	站立
star	星
stare	注视
stared	注视
stares	注视
staring	注视
starred	星
starring	星
stars	星
start	惊起
started	惊起
starting	惊起
starts	惊起
starvation	饥饿
starvations	饥饿
state	州
stated	州
statement	陈述
statements	陈述
states	美国
stating	州
station	车站
stationed	车站
stationing	车站
stations	车站
statistics	统计学
statue	以雕像装饰
statues	以雕像装饰
status	状态
statutory	法令的
staves	全体人员
stay	停留
stayed	停留
staying	停留
stays	停留
steadied	稳定的
steadier	稳定的
steadies	稳定的
steadiest	稳定的
steadily	稳定地
steady	稳定的
steadying	稳定的
steak	牛排
steaks	牛排
steal	剽窃
stealing	剽窃
steals	剽窃
steam	蒸汽
steamed	蒸汽
steaming	蒸汽
steams	蒸汽
steel	钢
steeled	钢
steeling	钢
steels	钢
steep	浸渍
steeped	浸渍
steeper	浸渍
steepest	浸渍
steeping	浸渍
steeply	险峻地
steeps	浸渍
steer	引导
steered	引导
steering	引导
steers	引导
step	步骤
stephen	斯蒂芬
stepped	步骤
stepping	步骤
steps	步骤
steve	史蒂夫
steward	管理人
stewarded	管理人
stewardess	空中小姐
stewardesses	空中小姐
stewarding	管理人
stewards	管理人
stick	棍
stickied	粘的
stickier	粘的
stickies	粘的
stickiest	粘的
sticking	棍
sticks	棍
sticky	粘的
stiff	坚硬的
stiffer	坚硬的
stiffest	坚硬的
stiffly	呆板地
stiffs	坚硬的
still	蒸馏室
stilled	蒸馏室
stilling	蒸馏室
stills	蒸馏室
sting	叮
stinging	叮
stings	叮
stir	骚动
stirred	骚动
stirring	骚动
stirs	骚动
stock	树干
stocked	树干
stocking	长袜
stockings	长袜
stocks	树干
stole	剽窃
stolen	剽窃
stomach	胃
stomachache	胃痛
stomached	胃
stomaches	胃
stomaching	胃
stomachs	胃
stone	石头
stoned	石头
stones	石头
stoning	石头
stood	站立
stop	停止
stopped	停止
stopping	停止
stops	停止
stopwatch	计时表
storage	存储器
storages	存储器
store	商店
stored	商店
stores	商店
stories	故事
storing	商店
storm	暴风雨
stormed	暴风雨
storming	暴风雨
storms	暴风雨
story	故事
stout	结实的
stouter	结实的
stoutest	结实的
stouts	结实的
stove	火炉
stoved	火炉
stoves	火炉
straight	直线
straighter	直线
straightest	直线
straightforward	笔直的
straights	直线
strain	紧张
strained	紧张
straining	紧张
strains	紧张
strait	海峡
straits	海峡
strange	奇怪的
strangely	奇妙地
stranger	陌生人
strangers	陌生人
strangest	奇怪的
strategies	战略
strategy	战略
straw	稻草
strawberries	草莓
strawberry	草莓
strawed	稻草
strawing	稻草
straws	稻草
stream	水流
streamed	水流
streaming	水流
streams	水流
street	街道
streets	街道
strength	力量
strengthen	加强
strengthened	加强
strengthening	加强
strengthens	加强
strengths	力量
stress	压力
stressed	感到有压力的
stresses	压力
stressing	压力
stretch	伸展
stretched	伸展
stretches	伸展
stretching	伸展
strict	严厉的
stricter	严厉的
strictest	严厉的
strictly	严格地
strike	罢工
strikes	罢工
striking	醒目的
string	线
stringing	线
strings	线
strip	长条
stripe	斑纹
striped	有斑纹的
stripes	斑纹
striping	斑纹
stripped	长条
stripping	长条
strips	长条
stroke	笔划
stroked	笔划
strokes	笔划
stroking	笔划
strong	强壮的
stronger	强壮的
strongest	强壮的
strongly	强有力地
struck	罢工
structure	结构
structured	结构
structures	结构
structuring	结构
struggle	斗争
struggled	斗争
struggles	斗争
struggling	斗争
strung	线
stubborn	顽固的
stuck	棍
student	学生
students	学生
studied	学习
studies	学习
studio	工作室
studios	工作室
study	学习
studying	学习
stuff	原料
stuffed	原料
stuffing	原料
stuffs	原料
stung	叮
stupid	愚蠢的
style	风格
styled	风格
styles	风格
styling	风格
subject	科目
subjected	科目
subjecting	科目
subjective	主观的
subjects	科目
submit	使服从
submits	使服从
submitted	使服从
submitting	使服从
subscribe	捐献
subscribed	捐献
subscribes	捐献
subscribing	捐献
subsequent	后来的
subsequently	后来
substance	物质
substances	物质
substantial	重要材料
substantially	实质上
substitute	代理
substituted	代理
substitutes	代理
substituting	代理
subtraction	减少
subtractions	减少
succeed	成功
succeeded	成功
succeeding	成功
succeeds	成功
success	成功
successes	成功
successful	成功的
successfully	成功
such	如此的
suck	吸
sucked	吸
sucking	吸
sucks	吸
sudden	突然
suddenly	突然
suffer	遭受
suffered	遭受
suffering	苦难
sufferings	苦难
suffers	遭受
sufficient	充分的
sufficiently	足够
sugar	糖
sugared	糖
sugaring	糖
sugars	糖
suggest	提议
suggested	提议
suggesting	提议
suggestion	提议
suggestions	提议
suggests	提议
suicide	自杀
suicides	自杀
suit	套装
suitable	适当的
suitcase	手提箱
suitcases	手提箱
suite	随员
suited	适合的
suites	随员
suiting	套装
suits	套装
sum	总数
summaries	摘要
summary	摘要
summed	总数
summer	夏季
summered	夏季
summering	夏季
summers	夏季
summing	总数
sums	总数
sun	太阳
sunburnt	晒黑的
sunday	星期日
sundays	星期日
sung	唱
sunglasses	太阳镜
sunk	藏垢的场所
sunken	藏垢的场所
sunlight	日光
sunned	太阳
sunnier	阳光充足的
sunnies	阳光充足的
sunniest	阳光充足的
sunning	太阳
sunny	阳光充足的
sunrise	日出
sunrises	日出
suns	太阳
sunset	日落
sunsets	日落
sunshine	阳光
super	跑龙套角色
superb	极度的
superior	长者
superiors	长者
superman	具有超人能力的人
supermarket	超级市场
supermarkets	超级市场
supermen	具有超人能力的人
supers	跑龙套角色
supper	晚餐
suppers	晚餐
supplied	补给
supplier	供应者
suppliers	供应者
supplies	补给
supply	补给
supplying	补给
support	支持
supported	支持
supporter	支持者
supporters	支持者
supporting	支持
supports	支持
suppose	推想
supposed	想象上的
supposes	推想
supposing	推想
supreme	至高
sure	确信
surely	的确地
surer	确信
surest	确信
surface	面
surfaced	面
surfaces	面
surfacing	面
surgeon	外科医生
surgeons	外科医生
surgeries	外科
surgery	外科
surname	姓
surnamed	姓
surnames	姓
surplus	剩余
surprise	惊奇
surprised	感到惊讶的
surprises	惊奇
surprising	令人惊讶的
surprisingly	使人惊奇
surround	包围
surrounded	包围
surrounding	环境
surroundings	环境
surrounds	包围
survey	纵览
surveyed	纵览
surveying	纵览
surveys	纵览
survival	生存
survivals	生存
survive	比...活得长
survived	比...活得长
survives	比...活得长
surviving	比...活得长
suspect	被怀疑者
suspected	被怀疑者
suspecting	被怀疑者
suspects	被怀疑者
suspension	悬挂
suspensions	悬挂
suspicion	怀疑
suspicions	怀疑
suspicious	可疑的
swallow	燕子
swallowed	燕子
swallowing	燕子
swallows	燕子
swam	游泳
swap	以货易货
swapped	以货易货
swapping	以货易货
swaps	以货易货
swear	发誓
swearing	发誓
swears	发誓
sweat	汗
sweated	汗
sweater	毛衣
sweaters	毛衣
sweating	汗
sweats	汗
sweep	扫除
sweeping	扫除
sweeps	扫除
sweet	甜蜜
sweeter	甜蜜
sweetest	甜蜜
sweets	甜蜜
swell	增大
swelled	增大
swelling	肿胀
swellings	肿胀
swells	增大
swept	扫除
swift	褐雨燕
swifter	褐雨燕
swiftest	褐雨燕
swifts	褐雨燕
swim	游泳
swimming	游泳
swims	游泳
swing	摇摆
swinging	摇摆
swings	摇摆
swiss	瑞士人
switch	开关
switched	开关
switches	开关
switching	开关
switzerland	瑞士
swollen	肿大的
sword	刀
swords	刀
swore	发誓
sworn	发誓
swum	游泳
swung	摇摆
symbol	符号
symbols	符号
sympathetic	有同情心的
sympathies	同情
sympathy	同情
symphonies	交响乐
symphony	交响乐
symptom	症状
symptoms	症状
system	系统
systematic	有系统的
systematics	有系统的
systems	系统
t-shirt	圆领汗衫
t-shirts	圆领汗衫
table	桌子
tabled	桌子
tables	桌子
tablespoon	大汤匙
tablespoons	大汤匙
tablet	平板
tablets	平板
tabling	桌子
tackle	工具
tackled	工具
tackles	工具
tackling	工具
tail	尾部
tailed	尾部
tailing	尾部
tailor	裁缝
tailored	裁缝
tailoring	裁缝
tailors	裁缝
tails	尾部
take	拿
taken	拿
takes	拿
taking	拿
tale	故事
talent	天才
talents	天才
tales	故事
talk	谈话
talked	谈话
talking	谈话
talks	谈话
tall	高的
taller	高的
tallest	高的
tank	槽
tanked	槽
tanker	坦克手
tankered	坦克手
tankers	坦克手
tanking	槽
tanks	槽
tap	轻打
tape	带子
taped	带子
tapes	带子
taping	带子
tapped	轻打
tapping	轻打
taps	轻打
target	目标
targeted	目标
targeting	目标
targets	目标
targetted	目标
targetting	目标
task	工作
tasked	工作
tasking	工作
tasks	工作
taste	味道
tasted	味道
tasteless	没味道的
tastes	味道
tastier	好吃的
tastiest	好吃的
tasting	味道
tasty	好吃的
taught	教
tax	税
taxed	税
taxes	税
taxi	出租车
taxied	出租车
taxies	出租车
taxiing	出租车
taxing	税
taxis	出租车
taylor	泰勒
tea	茶
teach	教
teacher	教师
teachers	教师
teaches	教
teaching	教学
teachings	教学
team	队
teamed	队
teaming	队
teams	队
teamwork	协同作业
teamworking	协同作业
teamworks	协同作业
teapot	茶壶
teapots	茶壶
tear	泪滴
tearing	泪滴
tears	泪滴
teas	茶
tease	揶揄
teased	揶揄
teases	揶揄
teasing	揶揄
teaspoon	茶匙
teaspoons	茶匙
technical	技术上的
technique	技巧
techniques	技巧
technologies	技术
technology	技术
teen	愤怒
teenager	十三岁到十九岁的少年
teenagers	十三岁到十九岁的少年
teens	愤怒
teeth	牙齿
telegram	电报
telegrams	电报
telegraph	电报
telegraphed	电报
telegraphing	电报
telegraphs	电报
telephone	电话
telephoned	电话
telephones	电话
telephoning	电话
telescope	望远镜
telescoped	望远镜
telescopes	望远镜
telescoping	望远镜
television	电视
televisions	电视
tell	告诉
telling	告诉
tells	告诉
temperature	温度
temperatures	温度
temple	圣堂
temples	圣堂
temporaries	暂时的
temporarily	暂时
temporary	暂时的
temptation	诱惑
temptations	诱惑
ten	十
tenant	承租人
tenanted	承租人
tenanting	承租人
tenants	承租人
tend	走向
tended	走向
tendencies	趋向
tendency	趋向
tending	走向
tends	走向
tennis	网球
tense	紧张的
tensed	紧张的
tenses	紧张的
tensing	紧张的
tension	紧张
tensioned	紧张
tensions	紧张
tent	帐篷
tentative	试验
tented	帐篷
tenth	第十
tenting	帐篷
tents	帐篷
term	术语
termed	术语
terminal	终端机
terminals	终端机
terming	术语
terms	条件
terrible	可怕的
terribly	可怕地
terrified	使恐惧
terrifies	使恐惧
terrify	使恐惧
terrifying	使恐惧
territories	领土
territory	领土
terror	恐怖
terrorism	恐怖主义
terrors	恐怖
test	测试
tested	测试
testing	测试
testings	测试
tests	测试
text	文本
textbook	教科书
textbooks	教科书
texts	文本
th	钍
than	比
thank	谢意
thanked	谢意
thankful	感谢的
thanking	谢意
thanks	感谢
that	那
thatcher	盖屋顶者
thatchers	盖屋顶者
the	那
theater	戏院
theatre	戏院
theatres	戏院
theft	盗窃
thefts	盗窃
their	他们的
theirs	他们的
them	他们
theme	主题
themes	主题
thems	他们
themselves	他们自己
then	然后
theoretical	理论的
theories	理论
theory	理论
therapies	治疗
therapy	治疗
there	在那里
therefore	因此
thermos	热水瓶
these	这些
they	他们
thick	厚的
thicker	厚的
thickest	厚的
thickly	厚地
thickness	厚度
thicknesses	厚度
thicknessing	厚度
thief	小偷
thieves	小偷
thin	薄的
thing	事物
things	事物
think	想
thinking	思考
thinks	想
thinned	薄的
thinner	薄的
thinnest	薄的
thinning	薄的
thins	薄的
third	第三
thirst	口渴
thirsted	口渴
thirstier	口渴的
thirstiest	口渴的
thirsting	口渴
thirsts	口渴
thirsty	口渴的
thirteen	十三
thirty	三十
this	这
thomas	多马
thorough	十分的
thoroughly	彻底地
those	那些
though	然而
thought	想法
thoughts	想法
thousand	千
thread	线
threaded	线
threading	线
threads	线
threat	恐吓
threaten	恐吓
threatened	恐吓
threatening	胁迫的
threatens	恐吓
threats	恐吓
three	三
threw	投
thrill	震颤
thrilled	震颤
thriller	使人激动的东西
thrillers	使人激动的东西
thrilling	震颤
thrills	震颤
throat	咽喉
throats	咽喉
through	穿越
throughout	到处
throw	投
throwing	投
thrown	投
throws	投
thumb	拇指
thumbed	拇指
thumbing	拇指
thumbs	拇指
thunder	雷
thundered	雷
thundering	雷
thunders	雷
thunderstorm	雷暴雨
thunderstorms	雷暴雨
thursday	星期四
thursdays	星期四
thus	如此
tibet	西藏
tick	滴答声
ticked	滴答声
ticket	票
ticketed	票
ticketing	票
tickets	票
ticking	滴答声
ticks	滴答声
tidied	椅子的背罩
tidier	椅子的背罩
tidies	椅子的背罩
tidiest	椅子的背罩
tidy	椅子的背罩
tidying	椅子的背罩
tie	带子
tied	带子
ties	带子
tiger	老虎
tigers	老虎
tight	紧的
tighter	紧的
tightest	紧的
tightly	紧紧地
tights	紧的
till	直到
tilled	直到
tilling	直到
tills	直到
tim	蒂姆
time	时间
timed	时间
times	时间
timetable	时间表
timetabled	时间表
timetables	时间表
timetabling	时间表
timing	时间
tims	蒂姆
tin	锡
tinier	很少的
tinies	很少的
tiniest	很少的
tinned	锡
tinning	锡
tins	锡
tiny	很少的
tip	顶
tipped	顶
tipping	顶
tips	顶
tire	轮胎
tired	疲累的
tires	轮胎
tiring	引起疲劳的
tissue	薄的织物
tissued	薄的织物
tissues	薄的织物
tissuing	薄的织物
title	头衔
titled	头衔
titles	头衔
titling	头衔
to	到
toast	吐司
toasted	吐司
toasting	吐司
toasts	吐司
tobacco	烟草
tobaccos	烟草
today	今天
todays	今天
toe	足趾
toed	足趾
toeing	足趾
toes	足趾
together	一起
toilet	厕所
toilets	厕所
tokyo	东京
told	告诉
tolerate	宽容
tolerated	宽容
tolerates	宽容
tolerating	宽容
tom	雄性动物
tomato	番茄
tomatoes	番茄
tomb	坟墓
tombs	坟墓
tomorrow	明天
tomorrows	明天
toms	雄性动物
ton	吨
tone	音调
toned	音调
tones	音调
tongue	舌
tongued	舌
tongues	舌
tonguing	舌
tonight	今晚
toning	音调
tonne	吨
tonner	吨
tonnes	吨
tons	吨
tony	高贵的
too	也
took	拿
tool	工具
tooled	工具
tooling	工具
tools	工具
tooth	牙齿
toothache	牙痛
toothbrush	牙刷
toothbrushes	牙刷
toothbrushing	牙刷
toothpaste	牙膏
toothpastes	牙膏
top	顶部
topic	主题
topics	主题
topped	顶部
topping	顶部
tops	顶部
tore	泪滴
torn	泪滴
tortoise	龟
tortoised	龟
tortoises	龟
tortoising	龟
toss	投掷
tossed	投掷
tosses	投掷
tossing	投掷
total	全体的
totalled	全体的
totalling	全体的
totally	完全地
totals	全体的
touch	触觉
touched	触觉
touches	触觉
touching	触觉
tough	恶棍
tougher	恶棍
toughest	恶棍
toughs	恶棍
tour	旅游
toured	旅游
touring	旅游
tourism	观光业
tourist	观光客
tourists	观光客
tournament	比赛
tournaments	比赛
tours	旅游
toward	向
towards	向
towel	手巾
towelled	手巾
towelling	手巾
towels	手巾
tower	塔
towered	塔
towering	塔
towers	塔
town	城镇
towns	城镇
toy	玩具
toyed	玩具
toying	玩具
toys	玩具
trace	痕迹
traced	痕迹
traces	痕迹
tracing	痕迹
track	轨迹
tracked	轨迹
tracking	轨迹
tracks	轨迹
tractor	牵引器
tractors	牵引器
trade	贸易
traded	贸易
trades	贸易
trading	交易
tradition	传说
traditional	传统的
traditionally	传统上
traditions	传说
traffic	交通
trafficked	交通
trafficking	交通
traffics	交通
trail	踪迹
trailed	踪迹
trailing	踪迹
trails	踪迹
train	火车
trained	火车
trainer	训练员
trainers	训练员
training	训练
trains	火车
tram	电车轨道
trammed	电车轨道
tramming	电车轨道
trams	电车轨道
transaction	交易
transactions	交易
transfer	迁移
transferred	迁移
transferring	迁移
transfers	迁移
transform	使转换
transformed	使转换
transforming	使转换
transforms	使转换
transition	转变
transitioned	转变
transitioning	转变
transitions	转变
translate	翻译
translated	翻译
translates	翻译
translating	翻译
translation	翻译
translations	翻译
translator	翻译者
translators	翻译者
transparent	透明的
transparents	透明的
transport	运输
transportation	运输
transportations	运输
transported	运输
transporting	运输
transports	运输
trap	圈套
trapped	圈套
trapping	圈套
traps	圈套
travel	旅行
traveler	旅行者
travelers	旅行者
travelled	旅行
traveller	旅行者
travellers	旅行者
travelling	旅行
travels	旅行
treasure	宝物
treasured	宝物
treasures	宝物
treasuring	宝物
treat	宴请
treated	宴请
treaties	条约
treating	宴请
treatment	治疗
treatments	治疗
treats	宴请
treaty	条约
tree	树
treed	树
treeing	树
trees	树
tremble	战栗
trembled	战栗
trembles	战栗
trembling	战栗
trend	趋势
trended	趋势
trending	趋势
trends	趋势
trial	审判
trialled	审判
trials	审判
triangle	三角形
triangles	三角形
trick	诡计
tricked	诡计
tricking	诡计
tricks	诡计
tried	尝试
tries	尝试
trip	旅行
tripped	旅行
tripping	旅行
trips	旅行
troop	军队
trooped	军队
trooping	军队
troops	军队
tropical	热带的
tropicals	热带的
trouble	烦恼
troubled	烦恼
troubles	烦恼
troublesome	麻烦的
troubling	烦恼
trousers	pl.裤子
truck	卡车
trucked	卡车
trucking	卡车
trucks	卡车
true	真实的
trued	真实的
truer	真实的
trues	真实的
truest	真实的
truing	真实的
truly	真实地
trunk	树干
trunking	树干
trunks	树干
trust	信任
trusted	信任
trusting	信任
trusts	信任
truth	事实
truths	事实
try	尝试
trying	尝试
tube	管
tubed	管
tubes	管
tubing	管
tuesday	星期二
tuesdays	星期二
tune	歌曲
tuned	歌曲
tunes	歌曲
tuning	歌曲
tunnel	隧道
tunnelled	隧道
tunnelling	隧道
tunnels	隧道
turkey	火鸡
turkeys	火鸡
turn	转弯
turned	转弯
turning	转弯
turns	转弯
tutor	家庭教师
tutored	家庭教师
tutoring	家庭教师
tutors	家庭教师
tv	电视
twelfth	第十二
twelve	十二
twentieth	第二十
twenty	二十
twice	两次
twin	双胞胎中一人
twinned	双胞胎中一人
twinning	双胞胎中一人
twins	双胞胎中一人
twist	一扭
twisted	扭曲的
twisting	一扭
twists	一扭
two	二
tying	带子
type	类型
typed	类型
types	类型
typewriter	打字机
typewriters	打字机
typhoon	台风
typhoons	台风
typical	典型的
typically	代表性地
typing	类型
typist	打字员
typists	打字员
tyre	轮胎
tyres	轮胎
uglier	丑陋的
uglies	丑陋的
ugliest	丑陋的
ugly	丑陋的
uk	联合王国
ultimate	终极
ultimately	最后
ultimates	终极
umbrella	伞
umbrellas	伞
un	家伙
unable	不能的
unacceptable	无法接受的
unbearable	无法忍受的
unbelievable	难以置信的
uncertain	不确定的
uncle	叔父
uncles	叔父
uncomfortable	不舒服的
unconditional	无条件的
unconscious	未意识到的
uncontrolled	不受抑制的
under	在...之下
underground	地下
undergrounding	地下
underline	在...下面划线
underlined	在...下面划线
underlines	在...下面划线
underlining	在...下面划线
underneath	在下面
understand	理解
understanding	理解
understandings	理解
understands	理解
understood	理解
undertake	试图
undertaken	试图
undertakes	试图
undertaking	试图
undertook	试图
underwater	在水中的
underwear	内衣
undid	解开
undivided	未分开的
undo	解开
undoes	解开
undoing	解开
undone	解开
unemployed	失业的
unemployment	失业
unexpected	料想不到的
unexpectedly	想不到的
unfair	不公平的
unfairest	不公平的
unfairly	不正当地
unfit	不适当的
unfits	不适当的
unfitted	不适当的
unfitting	不适当的
unfold	展开
unfolded	展开
unfolding	展开
unfolds	展开
unfortunate	不幸的
unfortunately	恐怕
unfortunates	不幸的
unfriendly	不友善地
unhappier	不快乐的
unhappiest	不快乐的
unhappiness	苦恼
unhappy	不快乐的
unhealthy	不健康的
uniform	制服
uniformed	制服
uniforming	制服
uniforms	制服
unimportant	不重要的
union	联盟
unions	联盟
unique	独一无二的
unit	单位
unite	联合
united	联合的
unites	联合
uniting	联合
units	单位
universal	全世界的
universals	全世界的
universe	宇宙
universes	宇宙
universities	大学
university	大学
unix	UNIX操作系统
unixes	UNIX操作系统
unkind	不仁慈的
unkindest	不仁慈的
unknown	不知道的
unknowns	不知道的
unless	除非
unlike	不像的
unlikeliest	不太可能的
unlikely	不太可能的
unload	卸货
unloaded	卸货
unloading	卸货
unloads	卸货
unluckier	不吉利的
unluckiest	不吉利的
unlucky	不吉利的
unmarried	未婚的
unnecessary	不必要的
unpleasant	使人不愉快的
unreasonable	不合理的
unrest	不安的状态
unrests	不安的状态
unsafe	不安全的
unsteady	不稳固的
unsuccessful	不成功的
untidier	不整齐的
untidiest	不整齐的
untidy	不整齐的
until	直到
untrue	不真实的
unusual	不寻常的
unusually	不寻常地
unwilling	不愿意的
unwillingly	不情愿地
up	向上的
upon	在...之上
upped	向上的
upper	上面的
uppers	上面的
upping	向上的
ups	向上的
upset	弄翻的
upsets	弄翻的
upsetting	镦
upstairs	楼上的
upward	向上的
upwards	以上
urban	都市的
urge	冲动
urged	冲动
urgent	紧急的
urges	冲动
urging	冲动
us	我们
usa	美国
use	使用
used	使用过的
useful	有用的
useless	无用的
user	使用者
users	使用者
uses	使用
using	使用
usual	平常的
usually	通常
utilities	功用
utility	功用
vacant	空的
vacation	假期
vacationed	假期
vacationing	假期
vacations	假期
vague	含糊的
vain	无价值的
vainer	无价值的
vainest	无价值的
valid	有确实根据的
valley	山谷
valleys	山谷
valuable	有价值的
value	价值
valued	价值
values	价值
valuing	价值
van	货车
vanilla	香草
vans	货车
variable	易变的事物
variables	易变的事物
variation	变更
variations	变更
varied	不同的
varies	改变
varieties	多样
variety	多样
various	不同的
vary	改变
varying	改变
vase	花瓶
vases	花瓶
vast	巨大的
vaster	巨大的
vcd	可变电容二极体的简写
veal	小牛肉
veals	小牛肉
vegetable	蔬菜
vegetables	蔬菜
vehicle	交通工具
vehicles	交通工具
venture	冒险
ventured	冒险
ventures	冒险
venturing	冒险
version	一种描述
versions	一种描述
vertical	垂直的
verticals	垂直的
very	真正的
vest	背心
vested	背心
vesting	背心
vests	背心
veteran	老手
veterans	老手
via	经由
vice	恶习
vices	恶习
victim	受害人
victims	受害人
victories	胜利
victory	胜利
video	影像
videoing	影像
videophone	电视电话
videophones	电视电话
videos	影像
view	视野
viewed	视野
viewer	观察者
viewers	观察者
viewing	视野
views	视野
village	村庄
villager	村民
villagers	村民
villages	村庄
vinegar	醋
vinegars	醋
violate	违犯
violated	违犯
violates	违犯
violating	违犯
violence	猛烈
violent	暴力的
violently	猛烈地
violin	小提琴
violinist	小提琴演奏者
violinists	小提琴演奏者
violins	小提琴
virtually	事实上
virtue	德行
virtues	德行
virus	病毒
viruses	病毒
visa	签证
visaed	签证
visaing	签证
visas	签证
visible	看得见的
vision	视觉
visions	视觉
visit	拜访
visited	拜访
visiting	拜访
visitor	参观者
visitors	参观者
visits	拜访
visual	视觉的
visuals	视觉的
vital	生命的
vitals	生命的
vivid	生动的
vocabularies	词汇
vocabulary	词汇
voice	声音
voiced	声音
voices	声音
voicing	声音
volcano	火山
volcanos	火山
volleyball	排球
volume	册
volumes	册
voluntaries	自动的
voluntary	自动的
volunteer	志愿者
volunteered	志愿者
volunteering	志愿者
volunteers	志愿者
vote	投票
voted	投票
voter	选民
voters	选民
votes	投票
voting	投票
voyage	航行
voyaged	航行
voyages	航行
voyaging	航行
vs	对
wag	摇摆
wage	工资
waged	工资
wages	工资
wagged	摇摆
wagging	摇摆
waging	工资
wags	摇摆
waist	腰部
waisted	腰部
waists	腰部
wait	等待
waited	等待
waiter	侍者
waiters	侍者
waiting	等待
waitress	女侍者
waitressed	女侍者
waitresses	女侍者
waitressing	女侍者
waits	等待
wake	叫醒
wakes	叫醒
waking	叫醒
wales	威尔士
walk	走
walked	走
walking	步行
walkman	随身听
walkmans	随身听
walkmen	随身听
walks	走
wall	墙
walled	墙
wallet	皮夹
wallets	皮夹
walling	墙
walls	墙
walnut	胡桃
walnuts	胡桃
wander	游荡
wandered	游荡
wandering	游荡
wanders	游荡
want	需要的东西
wanted	需要的东西
wanting	需要的东西
wants	需要的东西
war	战争
ward	病房
warded	病房
warding	病房
wards	病房
warehouse	仓库
warehoused	仓库
warehouses	仓库
warehousing	仓库
warm	暖和的
warmed	暖和的
warmer	暖和的
warmest	暖和的
warming	暖和的
warms	暖和的
warmth	温暖
warn	警告
warned	警告
warning	警告
warnings	警告
warns	警告
warred	战争
warring	战争
wars	战争
was	是
wash	洗
washed	洗
washes	洗
washing	洗涤
washings	洗涤
washington	华盛顿
washroom	盥洗室
washrooms	盥洗室
waste	浪费
wasted	浪费
wastes	浪费
wasting	浪费
watch	观察
watched	观察
watches	观察
watching	观察
water	水
watered	水
watering	水
watermelon	西瓜
watermelons	西瓜
waters	水
wave	波
waved	波
waves	波
waving	波
wax	蜡
waxed	蜡
waxes	蜡
waxing	蜡
way	路
ways	路
wayside	路旁
waysides	路旁
we	我们
weak	不牢固的
weaker	不牢固的
weakest	不牢固的
weakness	虚弱
weaknesses	虚弱
wealth	财富
wealthier	富有的
wealthiest	富有的
wealthy	富有的
weapon	武器
weapons	武器
wear	穿着
wearing	穿着
wears	穿着
weather	天气
weathered	天气
weathering	天气
weatherman	气象员
weathermen	气象员
weathers	天气
web	网
webbed	网
webbing	网
webs	网
website	网站
wedding	婚礼
weddings	婚礼
wednesday	星期三
wednesdays	星期三
weed	杂草
weeded	杂草
weeding	杂草
weeds	杂草
week	星期
weekday	周日
weekdays	周日
weekend	周末
weekended	周末
weekending	周末
weekends	周末
weeklies	周刊
weekly	周刊
weeks	星期
weep	哭
weeping	哭
weeps	哭
weigh	称...重量
weighed	称...重量
weighing	称...重量
weighs	称...重量
weight	重
weighted	重
weighting	重
weights	重
welcome	欢迎
welcomed	欢迎
welcomes	欢迎
welcoming	欢迎
welfare	福利
well	井
welled	井
welling	井
wells	井
went	去
wept	哭
were	是
west	西方
western	西方人
westerner	西方人
westerners	西方人
westerns	西方人
westwards	向西
wet	湿气
wets	湿气
wetted	湿气
wetter	湿气
wettest	湿气
wetting	湿气
whale	鲸
whaled	鲸
whales	鲸
whaling	鲸
what	什么
whatever	无论什么
wheat	小麦
wheats	小麦
wheel	轮子
wheeled	轮子
wheeling	轮子
wheels	轮子
when	当...的时候
whenever	每当
where	在哪里
whereas	然而
wherever	无论哪里
whether	是否
which	哪一个
whichever	无论那一个
while	一会儿
whilst	当...的时候
whisper	耳语
whispered	耳语
whispering	耳语
whispers	耳语
whistle	口哨
whistled	口哨
whistles	口哨
whistling	口哨
white	白色
whited	白色
whiter	白色
whites	白色
whiting	白色
who	谁
whoever	任何人
whole	全部
wholes	全部
whom	谁
whose	谁的
why	为什么
wide	宽的
widely	广泛地
wider	宽的
widespread	充分伸展的
widest	宽的
width	宽度
widths	宽度
wife	妻子
wild	荒野
wilder	荒野
wildest	荒野
wildlife	野生动植物
wildly	狂暴地
wilds	荒野
will	意志
willed	意志
william	威廉
williams	威廉姆斯
willing	乐意的
willingly	自动地
willingness	乐意
wills	意志
wilson	威尔逊
win	赢得
wind	风
windbreaker	防风林
winded	风
windier	多风的
windies	多风的
windiest	多风的
winding	风
window	窗户
windows	窗户
winds	风
windy	多风的
wine	葡萄酒
wined	葡萄酒
wines	葡萄酒
wing	翅膀
winged	翅膀
winging	翅膀
wings	翅膀
wining	葡萄酒
winner	胜利者
winners	胜利者
winning	胜利
winnings	胜利
wins	赢得
winter	冬季
wintered	冬季
wintering	冬季
winters	冬季
wipe	擦拭
wiped	擦拭
wipes	擦拭
wiping	擦拭
wire	电线
wired	电线
wires	电线
wiring	电线
wisdom	智慧
wisdoms	智慧
wise	明智的
wised	明智的
wiser	明智的
wisest	明智的
wish	希望
wished	希望
wishes	希望
wishing	希望
with	和...在一起
withdraw	撤回
withdrawing	撤回
withdrawn	撤回
withdraws	撤回
withdrew	撤回
within	内部
without	没有
witness	证人
witnessed	证人
witnesses	证人
witnessing	证人
wives	妻子
woke	叫醒
woken	叫醒
wolf	狼
wolfed	狼
wolfing	狼
wolfs	狼
wolves	狼
woman	女人
women	女人
won	赢得
wonder	奇迹
wondered	奇迹
wonderful	令人惊奇的
wondering	奇迹
wonders	奇迹
woo	追求
wood	木材
wooden	木制的
woods	木材
wooed	追求
wooing	追求
wool	羊毛
woollen	毛织品
woollens	毛织品
wools	羊毛
woos	追求
word	话
worded	话
wording	话
words	话
wore	穿着
work	工作
workday	工作日
workdays	工作日
worked	工作
worker	工人
workers	工人
workforce	劳动力
workforces	劳动力
working	工作
workings	工作
workmate	共同工作者
workmates	共同工作者
workplace	工作场所
workplaces	工作场所
works	工程
workshop	工场
workshops	工场
world	世界
worlds	世界
worldwide	全世界的
worm	虫
wormed	虫
worming	虫
worms	虫
worn	用旧的
worried	担心的
worries	担心
worry	担心
worrying	使人烦恼的
worse	更坏的事
worship	崇拜
worshipped	崇拜
worshipping	崇拜
worships	崇拜
worst	最坏
worsted	最坏
worsts	最坏
worth	价值
worthier	杰出人物
worthies	杰出人物
worthiest	杰出人物
worthless	无价值的
worthwhile	值得花时间的
worthy	杰出人物
would	将
wound	创伤
wounded	受伤的
wounding	创伤
wounds	创伤
wrap	外套
wrapped	外套
wrapping	用于包裹的材料
wrappings	用于包裹的材料
wraps	外套
wrestle	摔跤
wrestled	摔跤
wrestles	摔跤
wrestling	摔跤
wrinkle	皱纹
wrinkled	皱纹
wrinkles	皱纹
wrinkling	皱纹
wrist	手腕
wrists	手腕
write	书写
writer	作家
writers	作家
writes	书写
writing	书写
writings	书写
written	书面的
wrong	错误的
wronged	错误的
wronging	错误的
wrongly	错误地
wrongs	错误的
wrote	书写
wrought	工作
x	未知数
x-ray	X射线的
x-rayed	X射线的
x-raying	X射线的
x-rays	X射线的
yard	码
yards	码
yawn	哈欠
yawned	哈欠
yawning	哈欠
yawns	哈欠
year	年
years	年
yell	叫喊
yelled	叫喊
yelling	叫喊
yellow	黄色
yellowed	黄色
yellower	黄色
yellowing	黄色
yellows	黄色
yells	叫喊
yes	是
yesterday	昨天
yet	还
yield	生产量
yielded	生产量
yielding	生产量
yields	生产量
yoghurt	酸乳
yoghurts	酸乳
york	约克郡
yorkshire	约克郡
you	你
young	年轻的
younger	年轻的
youngest	年轻的
your	你的
yours	你的
yourself	你自己
yourselves	你们自己
youth	年轻
youths	年轻
yummiest	美味的
yummy	美味的
zebra	斑马
zebras	斑马
zero	零
zeroed	零
zeroes	零
zeroing	零
zeros	零
zip	尖啸声
zipped	尖啸声
zipper	拉链
zippered	拉链
zippers	拉链
zipping	尖啸声
zips	尖啸声
zone	地带
zoned	地带
zones	地带
zoning	地带
zoo	动物园
zoom	急速上升
zoomed	急速上升
zooming	急速上升
zooms	急速上升
zoos	动物园
